bin_left,bin_right,count
-0.12,-0.11,1
-0.11,-0.10000000000000001,0
-0.10000000000000001,-0.089999999999999997,0
-0.089999999999999997,-0.080000000000000002,1
-0.080000000000000002,-0.070000000000000007,0
-0.070000000000000007,-0.059999999999999998,2
-0.059999999999999998,-0.050000000000000003,4
-0.050000000000000003,-0.040000000000000001,7
-0.040000000000000001,-0.029999999999999999,11
-0.029999999999999999,-0.02,15
-0.02,-0.01,48
-0.01,0,93
0,0.01,123
0.01,0.02,99
0.02,0.029999999999999999,66
0.029999999999999999,0.040000000000000001,34
0.040000000000000001,0.050000000000000003,25
0.050000000000000003,0.059999999999999998,15
0.059999999999999998,0.070000000000000007,18
0.070000000000000007,0.080000000000000002,10
0.080000000000000002,0.089999999999999997,4
0.089999999999999997,0.10000000000000001,6
0.10000000000000001,0.11,4
0.11,0.12,4
0.12,0.13,2
0.13,0.14000000000000001,2
0.14000000000000001,0.14999999999999999,0
0.14999999999999999,0.16,0
0.16,0.17000000000000001,0
0.17000000000000001,0.17999999999999999,0
0.17999999999999999,0.19,0
0.19,0.20000000000000001,0
0.20000000000000001,0.20999999999999999,0
0.20999999999999999,0.22,1
