sentence_id,source_sid,S_context_i_nats,Delta_i
1,a1e-fragment01-1,3.687500037252903,0.016811152299245201
2,a1e-fragment01-1,-3.1250000046566129,-0.00099144379297880008
15,a1e-fragment01-7,-0.81250001490116119,-0.027211964130401601
28,a1e-fragment01-15,0.49999999503294629,-0.0085864331987168998
33,a1e-fragment01-22,-0.56249998509883881,0.044968525568644099
37,a1e-fragment01-23,6.093750047206413,0.037119130293528001
40,a1e-fragment01-23,0.93750002980232239,0.072371761004129995
48,a1e-fragment01-28,2.2187499832361937,0.036955167849858701
52,a1e-fragment01-29,4.4374999236315489,0.0309033592542012
72,a1f-fragment07-152,1.2500000298023224,0.11468031671312109
117,a1f-fragment09-170,1.374999986961484,0.0078608691692350994
141,a1f-fragment11-186,1.437499962747097,-1.3132890065548077e-05
175,a1g-fragment27-410,3.3749999832361937,0.033029158910115597
178,a1g-fragment27-412,0.8750000037252903,-0.0014577209949493001
197,a1g-fragment27-423,6.1874999710998964,0.060112098852793401
200,a1g-fragment27-426,3.6250000270083542,0.023657997449239101
202,a1g-fragment27-427,2.4687500055879354,0.038230498631795097
206,a1h-fragment05-71,2.8125000726431608,0.026402195294697998
210,a1h-fragment05-73,0,0.0047672788302102996
214,a1h-fragment05-74,5.0625001192092896,0.0094178716341654003
223,a1h-fragment05-77,3.6250000605359678,0.0183692773183186
237,a1h-fragment05-80,-0.062499970197677598,0.0158067941665649
243,a1h-fragment05-81,0.25,-0.015736301740010599
256,a1h-fragment05-87,-0.81250001490116119,-0.01482888062795
269,a1h-fragment05-90,2.656249986961484,0.015135298172632801
274,a1h-fragment05-93,0.9687500074505806,-0.0299187004566192
289,a1h-fragment05-99,3.4999999031424518,-0.0139796535174051
345,a1h-fragment06-129,-0.062499985098838799,0.068288087844848605
357,a1h-fragment06-133,-1.7500000074505806,0.0031283299128214001
403,a1j-fragment33-499,0.03125,-0.0018775363763173
406,a1j-fragment33-500,0.5,0.0089881618817646003
428,a1j-fragment33-507,4.4999998994171619,0.051913638909657701
452,a1j-fragment33-516,1.4374999850988388,-0.047476510206858197
490,a1j-fragment34-535,3.2499999329447742,0.032848576704661001
493,a1j-fragment34-536,-3.0000000726431608,0.023968180020650199
496,a1j-fragment34-538,3.291666656189288,0.0056046711073981003
505,a1j-fragment34-539,3.1249999217689042,0.00043863058090200003
524,a1j-fragment34-544,4.3749998793937266,0.043258408705393499
546,a1j-fragment34-552,3.3437500428408384,0.0021478533744813001
558,a1j-fragment34-556,3.8750000954605639,0.021440108617146701
562,a1j-fragment34-557,4.2187501003500074,0.0152700543403625
570,a1k-fragment02-30,5.1249999580904841,0.0278018712997436
593,a1k-fragment02-39,3.437500026775524,0.0111187696456908
657,a1l-fragment01-8,2.4687500337604438,0.014366547266642301
675,a1l-fragment01-17,3.3125000866129994,0.025087912877400701
683,a1l-fragment01-20,3.3124999767169361,0.019636621077855399
752,a1m-fragment01-12,2.4374999503294625,0.1398782465193007
753,a1m-fragment01-12,-0.062499970197677598,-0.016793469587961699
759,a1m-fragment01-17,4.3750000274449121,-0.030066261688868199
770,a1m-fragment01-22,2.9375000558793545,0.020251750946044901
772,a1m-fragment01-23,0.0312499925494194,0.070221076409022004
809,a1m-fragment01-47,3.7812500316067599,0.020963211854298801
840,a1n-fragment09-201,-2.2499999552965164,-0.020946343739827501
882,a1n-fragment09-213,5.6249999227002263,0.0047871073087055998
901,a1n-fragment09-221,1.4375000223517418,0.0105327566464742
929,a1n-fragment09-228,1.9374999590218067,0.0126468936602274
996,a1n-fragment18-355,3.18749990593642,0.1229845484097799
999,a1n-fragment18-355,-0.93749998509883881,0.015914082527160599
1039,a1n-fragment18-370,1.4375,0.0059141516685484999
1049,a1n-fragment18-373,4.6875001399312168,0.012294481197993
1051,a1n-fragment18-374,4.3124999585561454,0.013084471225738499
1060,a1p-fragment01-4,2.5000000149011612,0.0082813700040180998
1062,a1p-fragment01-5,1.5208333395421505,-0.031528810660044398
1081,a1p-fragment01-13,-0.093750018626451395,-0.010458985964456999
1091,a1p-fragment01-15,1.625000009778887,0.0040024518966673998
1132,a1p-fragment03-68,1.7812499739229679,0.010590006907780799
1196,a1u-fragment04-61,-1.8749999701976776,0.046587626139322803
1321,a1u-fragment04-128,4.8124999771825969,0.0153440038363138
1328,a1u-fragment04-134,4.0625000102445483,0.037134130795796597
1333,a1u-fragment04-140,1.3749999478459358,-0.017816921075185101
1343,a1u-fragment04-148,2.6875000018626451,0.00049938758214310001
1347,a1u-fragment04-151,0.99999994039535522,0.0013978282610573999
1379,a1x-fragment04-165,4.124999979394488,0.1140074133872985
1381,a1x-fragment04-166,3.5937500023283064,0.018390019734700402
1390,a1x-fragment04-170,4.8125000449363142,0.091813802719116197
1393,a1x-fragment04-172,1.968750004190952,0.0099654793739317998
1438,a2d-fragment05-35,-1.1249999850988388,0.0159043669700622
1443,a2d-fragment05-38,2.1875000316649675,-0.0123896598815917
1458,a2d-fragment05-46,-0.31249997019767761,0.033501029014587402
1536,a31-fragment03-119,4.7291665641435729,0.1141544448004828
1545,a31-fragment03-124,0.43750001490116119,0.0020956595738728001
1568,a31-fragment03-139,2.5833333162590861,0.022157231966654499
1577,a31-fragment03-146,4.0937499385327101,0.0254439810911814
1595,a36-fragment07-183,4.9374999528517947,0.023976961771647098
1605,a36-fragment07-186,-2.1562500046566129,0.071674317121505696
1618,a36-fragment07-192,1.7499999329447746,-0.019502580165862999
1625,a36-fragment07-193,2.2812499892897904,0.0089198003212610996
1627,a36-fragment07-194,2.3750000167638063,0.0001191099484761
1639,a36-fragment07-196,4.6250000561121851,0.00029774506886799998
1644,a36-fragment07-199,4.1875000349245965,-0.0129467844963073
1670,a38-fragment01-8,4.0625000172294676,0.051114002863566099
1672,a38-fragment01-9,1.2656249810243023,0.0045148332913715001
1674,a38-fragment01-9,-1.0000000223517418,-0.0025140444437662
1689,a38-fragment01-17,3.7812500258442014,0.0038255254427591
1693,a38-fragment01-18,0.68749998509883881,-0.026286125183105399
1721,a38-fragment01-33,1.8750000093132255,-0.0024927059809366999
1730,a39-fragment01-5,-1.4374999776482582,-0.0091125965118407995
1735,a39-fragment01-6,2.9375000698491931,0.017603725194930999
1803,a3c-fragment05-222,4.1249999180436134,0.025850772857665998
1823,a3c-fragment05-246,-0.93750002980232239,0.0052432815233867001
1832,a3e-fragment02-10,4.3125001124572009,0.079904973506927393
1834,a3e-fragment02-10,0.87499997019767761,-0.0069573521614073996
1847,a3e-fragment02-22,-5.1250000525033101,-0.018999139467875101
1853,a3e-fragment03-23,4.8124998912680894,0.038314620653788198
1861,a3e-fragment03-26,2.8124999888241291,0.0267573595046997
1871,a3e-fragment03-31,4.0624999012798071,0.014499783515930099
1891,a3e-fragment03-47,2.0937500242143869,0.0045934617519379
1911,a3e-fragment03-55,3.4374999757856131,0.018811027208963899
1922,a3k-fragment11-115,1.0000000149011612,0.077190776666005406
1938,a3k-fragment11-121,1.499999962747097,-0.0032297968864439999
1948,a3k-fragment11-127,2.2500000186264515,-0.0069268544514973001
1975,a3k-fragment11-136,1.7499999739229679,0.0137368837992351
2001,a3k-fragment11-149,4.7499998901039362,0.025163253148396798
2020,a3k-fragment11-158,2.2500000403573122,0.0081189407242667991
2038,a3m-fragment02-48,1.125,0.0234209795792896
2044,a3m-fragment02-50,3.8125001476146281,0.0172057549158731
2055,a3m-fragment02-55,5.6875000167638063,0.0615582863489786
2101,a3m-fragment02-77,-1.1250000149011612,-0.016613026460011698
2132,a3p-fragment09-159,4.3749999754363671,0.031854708989461099
2143,a3p-fragment09-172,3.9218750370200719,-0.0067454477151233996
2172,a3p-fragment09-188,2.9062500223517418,0.0029858648777008
2173,a3p-fragment09-188,4.8125000589061528,0.0075803399085997
2181,a3p-fragment09-193,0.37499998509883881,0.0046095053354897999
2206,a4d-fragment02-80,2.093750013038516,0.059727042913436799
2216,a4d-fragment02-90,3.5937500465661287,-0.0047127604484558999
2242,a4d-fragment02-107,2.3125,0.022635936737060401
2256,a4d-fragment02-114,5.1249999883584678,0.0208962758382161
2258,a4d-fragment02-116,2.9843750298023224,0.0124774922927221
2271,a4d-fragment02-124,2.6562500344589357,0.0067040522893270001
2274,a5e-fragment06-147,1.6874999850988388,0.0231511493523914
2329,a5e-fragment06-179,1.1874999850988388,-0.0041675170262654004
2338,a5e-fragment06-184,1.6875000186264515,0.0010494391123454
2379,a5e-fragment06-198,5.437499773921445,-0.0036675333976744998
2385,a5e-fragment06-201,2.8749999376013875,0.0016164580980936
2392,a6u-fragment02-167,1.500000037252903,0.21492062012354529
2395,a6u-fragment02-168,3.3125000428408384,0.027600665887196799
2399,a6u-fragment02-169,1.3125000037252903,-0.010274350643157799
2406,a6u-fragment02-171,3.8125000544823706,0.032067537307739202
2418,a6u-fragment02-175,5.5416666937914369,0.016714778211381599
2432,a6u-fragment02-181,4.000000158790499,0.021262764930725001
2435,a6u-fragment02-182,-0.062499985098838799,0.0043719808260600001
2452,a6u-fragment02-187,-0.31249998509883881,-0.086161812146504702
2456,a6u-fragment02-189,3.4375000912696123,0.0180925130844116
2493,a6u-fragment02-206,2.2499999776482582,-0.010926047960917199
2504,a6u-fragment02-212,-0.21874999394640321,-0.015521327654520601
2508,a6u-fragment02-213,1.75,0.060218393802642801
2512,a6u-fragment02-214,3.0625000409781933,0.049435118834177699
2527,a6u-fragment02-222,0.62499998509883881,-0.037105083465576102
2536,a6u-fragment02-234,-0.25,0.0143841902414957
2544,a6u-fragment02-237,4.4375000293366611,0.011612395445505699
2561,a6u-fragment02-243,3.9374999447027221,0.0067463219165799998
2568,a6u-fragment02-244,3.9999998491257429,0.0038279294967650999
2580,a6u-fragment02-253,-1.5937500074505806,0.0099278688430785994
2588,a6u-fragment02-256,1.6874999664723871,0.0004622737566629
2601,a6u-fragment02-259,-1.2499999441206455,-0.011884053548177001
2603,a6u-fragment02-259,1.3124999701976776,0.018373926480611001
2604,a6u-fragment02-259,0.875,0.0062830448150634002
2609,a6u-fragment02-261,-1.1875000149011612,0.0086459517478942004
2672,a6u-fragment02-289,0.12499998509883881,-0.010753333568572899
2745,a7s-fragment03-62,2.7500000335276127,0.089507738749186105
2768,a7s-fragment03-78,1.3437500074505806,-0.0089938342571258007
2856,a7t-fragment01-22,3.3124999785795808,-0.018585503101348801
2859,a7t-fragment01-23,1.4218750242143869,0.011759161949157699
2878,a7t-fragment01-28,3.9374999501742418,0.015613317489623999
2895,a7t-fragment01-33,4.7499997697304934,0.028401037057240699
2903,a7t-fragment01-34,3.312499993480742,0.065641264120737702
2937,a7w-fragment01-2,4.0625001331791282,0.0192051728566488
2961,a7w-fragment01-8,-1.6250000111758709,0.0035921335220335999
2968,a7w-fragment01-10,3.8750000121071935,-0.018151303132375101
3005,a7w-fragment01-16,1.0625000298023224,0.067546625932057597
3016,a7w-fragment01-17,-1.7499999590218067,0.039052009582519497
3021,a7w-fragment01-17,3.0625000149011612,0.027603487173716301
3022,a7w-fragment01-17,2.6250000111758709,-0.019679546356201099
3026,a7w-fragment01-18,3.6874999403953552,0.0129927992820739
3052,a7w-fragment01-32,1.312500037252903,0.049149533112843702
3053,a7w-fragment01-33,2.5000000013969839,0.0098987321058908
3081,a7w-fragment01-46,0.87500004470348358,0.0105927785237629
3121,a7w-fragment01-62,2.5000000260770321,0.0272254745165506
3127,a7w-fragment01-64,4.6562499955762178,-0.0040956338246663001
3156,a7w-fragment01-74,1.3124999552965164,0.020384709040323801
3157,a7w-fragment01-76,3.6250000922009349,-0.024028042952219601
3178,a7y-fragment03-183,2.0625000074505806,-0.010342717170715301
3179,a7y-fragment03-183,-0.1875,0.028513212998708098
3184,a7y-fragment03-185,4.6874998785788193,0.021042853593826401
3196,a7y-fragment03-191,1.4375000447034836,0.1018163959185282
3238,a7y-fragment03-208,1.2499999701976776,-0.00044405460357659998
3272,a80-fragment15-283,0.875,0.039836625258127902
3289,a80-fragment15-295,-1.7499999850988388,-0.057917455832163497
3294,a80-fragment15-297,3.0624999143183231,0.010491152604420999
3311,a8m-fragment02-64,3.8437500721775,0.023651431004206299
3347,a8n-fragment19-315,2.8437499534338717,0.040392925341923902
3374,a8n-fragment19-325,2.8750000353902578,-0.0016124447186787001
3379,a8n-fragment19-328,0.4687500074505806,0.029572467009226298
3386,a8n-fragment19-330,-0.062500014901161194,0.022563497225443499
3388,a8n-fragment19-333,1.3125000149011612,-0.0089144706726073993
3465,a8r-fragment02-55,1.7187499683350325,0.0049682656923929003
3475,a8r-fragment02-59,-1.8125000074505808,-0.035555561383565297
3498,a8r-fragment02-68,3.3749999767169361,0.015342791875203401
3504,a8u-fragment14-317,-0.43750001490116119,0.0024372736612956001
3521,a8u-fragment14-319,2.9687500619329512,0.0601203093926111
3542,a8u-fragment14-327,3.3749999664723878,0.0096935431162515004
3555,a8u-fragment14-331,2.3124999664723878,-0.062167783578236803
3572,a8u-fragment14-336,5.2187500224099495,0.014350553353627501
3581,a8u-fragment14-342,-0.87499998137354851,0.0011044840017954
3592,a8u-fragment14-349,3.749999912455678,0.085878928502400698
3593,a8u-fragment14-351,3.2500000596046448,0.0019288460413614001
3607,a8u-fragment14-357,2.5624999683350325,0.0156759619712829
3625,a98-fragment03-60,-0.25,-0.0053152044614155
3640,a98-fragment03-66,1.5625000074505806,0.0159162481625875
3641,a98-fragment03-66,1.7499999143183231,0.022327701250712002
3656,a98-fragment03-79,1.2812500111758709,0.0141855080922445
3702,a9j-fragment01-15,1.4999999776482582,-0.014821171760559
3723,a9j-fragment01-17,-0.125,-0.0014548103014627
3751,a9j-fragment01-25,3.375000037252903,0.0302624503771463
3771,a9j-fragment01-32,1.8124999552965164,0.00017283360163360001
3809,a9j-fragment01-47,5.2499998984276317,-0.00044823686281830001
3817,a9j-fragment01-48,2.3125000149011612,0.028852919737497901
3824,a9j-fragment01-50,0.9375000074505806,-0.0195067723592122
3847,a9j-fragment01-57,3.4999998742714524,0.012301723162333199
3878,a9j-fragment01-67,3.3750000083819032,0.049367805322011203
3919,aa3-fragment08-220,-0.49999997764825821,0.0072755018870035004
3932,aa3-fragment08-227,-0.3125000074505806,-0.0011855463186899999
3937,aa3-fragment08-229,3.0000000577420001,0.0012409090995788
3941,aa3-fragment08-229,2.3124999897554521,-0.0038042465845742998
3945,aa3-fragment08-231,1.2500000186264515,0.014147162437438901
3961,aa3-fragment08-237,3.031250013911631,-0.0018197000026702
3963,aa3-fragment08-238,3.499999949708581,0.015353282292683901
3968,aa3-fragment08-241,0.49999997764825821,-0.00018215179443349999
3980,aa3-fragment08-246,1.5625000447034836,0.015882949034373001
3998,ab9-fragment03-796,4.312500077066943,0.036895692348480197
3999,ab9-fragment03-796,1.6249999925494194,-0.0023110111554462002
4020,ab9-fragment03-809,0.89583333643774188,0.0128722654448614
4025,ab9-fragment03-812,3.2499999552965164,-0.0095831950505573006
4039,ab9-fragment03-836,-0.50000000838190317,0.0130273103713989
4049,ab9-fragment03-847,1.3125000596046448,-0.0031290650367736001
4071,ab9-fragment03-877,1.1249999850988388,-0.0118194421132405
4074,ab9-fragment03-883,2.0624999925494194,0.011098861694335899
4101,ab9-fragment03-904,1.5000000223517418,-0.0147990385691324
4125,ab9-fragment03-916,2.3124999813735485,-0.020088593165079702
4135,ab9-fragment03-933,0.5,0.0068629384040831999
4146,ab9-fragment03-937,5.0625000721775004,0.031772236029306997
4148,ab9-fragment03-937,3.5624999399296939,0.017631550629933601
4154,ab9-fragment03-940,3.1874999841675158,0.0227377414703369
4194,ab9-fragment03-956,0.81249994784593582,0.034520606199900203
4198,ab9-fragment03-958,-0.062500014901161194,-0.0025107463200886998
4210,ab9-fragment03-965,4.8749999798019417,0.068345377842585306
4211,ab9-fragment03-965,5.9999999150750227,-0.031675537427266399
4217,ab9-fragment03-966,1.6875000577419996,0.040661036968231201
4229,ab9-fragment03-967,4.9375001125736162,0.0035625894864399002
4251,ab9-fragment03-974,3.9218749976134859,0.075949798027674306
4288,ab9-fragment03-990,1.4999999776482582,0.0090864300727843995
4320,ab9-fragment03-1012,0.375,0.0070713361104328002
4321,ab9-fragment03-1013,5.687499932537321,0.0281907121340433
4336,ac2-fragment06-1270,4.3749998691491783,0.040632963180541902
4350,ac2-fragment06-1283,1.968749986961484,-0.045445144176483099
4356,ac2-fragment06-1294,1.75,-0.0030004878838856999
4390,ac2-fragment06-1361,-0.062500029802322304,0.057722012201944901
4403,ac2-fragment06-1385,-2.437500044703484,-0.0057840744654337004
4407,ac2-fragment06-1389,1.3749999850988388,-0.00091000398000079996
4446,ac2-fragment06-1434,0.5625,-0.0056862235069274
4492,ac2-fragment06-1474,2.7499999860301614,-0.1190460920333862
4517,ac2-fragment06-1495,4.3749999466817826,0.0042687257130941004
4551,ac2-fragment06-1530,0.875,-0.033663094043731599
4567,ac2-fragment06-1562,2.9062500706641003,-0.0020983914534248999
4573,ac2-fragment06-1578,3.6249999552965169,0.0014058947563171001
4587,acj-fragment01-3,3.6875000344589353,0.0058935880661009996
4601,acj-fragment01-8,0.99999999379118276,0.1167090667618646
4617,acj-fragment01-16,4.0937500111758709,0.0601836442947387
4622,acj-fragment01-17,4.1250000379513949,0.014676700035730799
4691,acj-fragment01-45,3.6875000568106771,0.0220258434613545
4706,acj-fragment01-50,2.8124999487772584,0.032474517822265597
4710,acj-fragment01-51,3.8749999804422259,0.034383734067281103
4713,acj-fragment01-52,2.87499996367842,-0.018140415350596101
4743,acj-fragment01-64,4.6875000223517418,-0.0088869531949359992
4751,acj-fragment01-67,4.1250000242143869,0.032846828301747601
4759,acj-fragment01-69,3.7499999795109038,0.0092018942038216995
4766,acj-fragment01-70,2.5937499953433871,0.0063215593496958001
4775,acj-fragment01-73,4.9375000277068466,0.0628608862559
4812,acj-fragment01-95,2.7187499823048711,0.012539565563201901
4815,acj-fragment01-98,4.8749997948762029,0.017276585102081299
4823,acj-fragment01-101,2.1874999571591616,0.022275447845458901
4842,acj-fragment01-107,3.6875000651925798,0.072405815124511705
4868,acj-fragment01-115,4.1249999105930328,0.0395983060201009
4876,acj-fragment01-118,1,-0.0280434290568033
4888,acj-fragment01-124,1.9062499513383957,0.0043660004933674997
4890,acj-fragment01-124,3.750000158790499,-0.0031828085581461002
4891,acj-fragment01-126,1.6874999860301614,0.0212330520153046
4914,acj-fragment01-134,3.1874999050050974,0.047994256019592202
4919,acj-fragment01-135,0.93749998509883881,0.028862814108530602
4939,acj-fragment01-138,0.5625,0.062043110529581703
4941,acj-fragment01-138,3.2500000363215804,-0.0042577783266701998
4948,acj-fragment01-139,-0.1875000074505806,-0.0080033342043558994
4958,acj-fragment01-142,2.1875000558793545,0.0630576213200887
4962,acj-fragment01-142,1.9999999701976776,-0.021743357181548999
4972,acj-fragment01-145,3.3437499641440809,0.062494367361068802
4982,acj-fragment01-149,0.50000005960464478,0.016315440336863201
5015,ahb-fragment51-719,-0.24999997019767761,-0.0064908464749654001
5046,ahb-fragment51-738,4.8749998551793396,0.0232569376627603
5099,ahc-fragment60-1218,-1.2500000223517418,0.0087843934694926008
5158,ahc-fragment60-1243,-2.468749994412065,-0.0064497689406077001
5198,ahc-fragment61-1264,3.9375001480802898,-0.0091335574785868998
5203,ahc-fragment61-1265,2.4687500400468707,-0.010906572143236801
5253,ahc-fragment61-1293,2.9687499883584678,0.00062336524327579997
5272,ahd-fragment06-53,4.1249999329447746,0.020217657089233398
5305,ahe-fragment03-43,4.624999895459041,0.057643731435139997
5308,ahe-fragment03-44,5.4062500314903446,0.0267898937066397
5329,ahf-fragment24-552,3.3749999366700649,0.0136198997497558
5398,ahf-fragment24-597,1.4375000428408384,0.0002480546633403
5399,ahf-fragment24-597,-2.3125000707805161,0.0091744661331175995
5408,ahf-fragment63-1160,2.749999949708581,0.032372752825419099
5423,ahf-fragment63-1173,2.5937499850988388,0.00091959039370209997
5460,ahf-fragment63-1189,0.31249997764825821,0.0079780618349710002
5485,ahf-fragment63-1202,1.9375000111758709,-0.0033583442370097001
5487,ahf-fragment63-1203,4.4374999881256372,0.054589529832204102
5523,ahf-fragment63-1217,3.5624999115243554,-0.013797382513682101
5532,ahf-fragment63-1225,1.3750000279396772,-0.0080094337463376998
5580,ahl-fragment02-27,1.0312499608844521,-0.042254507541656598
5653,al0-fragment06-182,0.18749998509883881,0.0028414328893025999
5666,al0-fragment06-187,3.0625000158324842,0.055400192737579297
5674,al0-fragment06-194,-0.24999998509883881,0.0077570676803588
5677,al0-fragment06-198,2.7500000279396768,0.010844866434732999
5683,al0-fragment06-200,1.0625,0.040494720141092899
5687,al2-fragment16-174,0.3593749925494194,0.066775545477867099
5697,al2-fragment16-178,2.8125000163912768,0.019138288497924798
5701,al2-fragment16-178,0.18750001490116119,4.2150417963737752e-05
5706,al2-fragment16-179,2.2499999552965164,0.021774470806121798
5729,al2-fragment16-183,3.3124999906867743,0.010264734427134201
5747,al2-fragment16-185,2.2083333289871612,-0.010733180575900499
5761,al2-fragment23-254,-0.21874998509883881,-0.0057059228420258002
5775,al2-fragment23-257,2.9375000218860805,-0.0282744765281677
5780,al2-fragment23-257,2.4374999217689042,0.0205885569254558
5813,al2-fragment23-266,1.6250000670552254,0.0027305881182352002
5842,al5-fragment03-21,4.5000000013969839,0.022890607515970898
5846,al5-fragment03-24,0,0.0037431120872496999
5881,al5-fragment03-39,3.3125000658910722,0.020588119824727399
5898,al5-fragment03-43,-2.4687500400468707,0.0050936639308929001
5908,al5-fragment03-46,4.0625000698491931,0.0289507508277893
5924,alp-fragment01-6,1.5625000447034836,-0.0092676281929015992
5947,alp-fragment01-15,5.0625000763684511,0.1025224725405374
5954,alp-fragment01-17,2.3749999776482582,0.0090663035710653005
5957,alp-fragment01-18,0.18749998509883881,-0.0076460838317870998
5977,alp-fragment01-22,4.5000001122243702,0.0046040515104929002
5980,alp-fragment01-25,0.5625,-0.063855985800425105
6003,alp-fragment01-32,0.59374998696148396,0.027928700049718098
6013,alp-fragment01-36,0.81250001490116119,-0.018493036429087201
6023,alp-fragment01-40,3.7812499736901368,-0.0003313620885212
6032,alp-fragment01-45,1.4062499981373549,-0.0014870166778564
6037,alp-fragment01-47,2.6562499953433871,0.0199660062789918
6050,alp-fragment01-56,-0.62500003073364496,0.041719262798627199
6052,alp-fragment01-57,2.8125000260770321,0.029996891816457
6059,alp-fragment01-58,2.2499999571591616,0.0071400056282678002
6063,alp-fragment01-60,0.9375,0.0020331144332885001
6089,alp-fragment01-67,-1.2499999850988388,0.019641776879628401
6114,alp-fragment01-83,3.218750077765435,0.0027391115824381999
6142,alp-fragment01-93,4.3124999380670488,7.7486038208007812e-05
6159,alp-fragment01-100,2.5624999860301614,0.030757854382197101
6163,amm-fragment02-1594,3.374999890569597,0.070110360781351605
6180,amm-fragment02-1598,2.3437500111758709,0.040532211462656703
6195,amm-fragment02-1606,3.4375000456348062,-0.0040511886278787003
6210,amm-fragment02-1615,2.812499986961484,-0.00017654895782470001
6214,amm-fragment02-1616,2.5000000009313226,0.054365396499633699
6293,amm-fragment02-1669,-4.4999999145511538,-0.017946332693099899
6332,amm-fragment02-1741,-1.0937499701976776,-0.0286224484443664
6337,amm-fragment02-1743,-1.0000000074505806,0.0059196949005125999
6351,amm-fragment02-1753,3.9999998295679688,0.017526467641194698
6357,amm-fragment02-1758,5.3750000040745363,0.0043047732777067001
6373,amm-fragment02-1769,3.2499999646097422,-0.0078521569569903991
6392,amm-fragment02-1779,3.4999999525025487,-0.0019559264183044
6396,amm-fragment02-1781,-0.99999998509883881,0.0182852347691853
6405,amm-fragment02-1786,1.5312499590218067,0.011312494675318399
6420,amm-fragment02-1789,0.24999997019767761,0.011670033137003599
6424,as6-fragment01-4,3.1874999003484845,0.0098960796991983003
6430,as6-fragment01-5,0.99999995529651642,-0.00043869018554679997
6449,as6-fragment01-11,5.9375000059371814,0.027870575586954799
6459,as6-fragment01-14,4.5624999166466296,0.015907645225524899
6461,as6-fragment01-14,5.6041667331786202,0.032228880458407903
6473,as6-fragment01-17,0.75000002793967724,0.0185819367567698
6481,as6-fragment01-19,4.7500000256113708,0.0268223285675048
6489,as6-fragment01-21,5.312500071246177,0.036417464415232297
6491,as6-fragment01-21,4.8124999605352059,0.016129275163014701
6520,as6-fragment01-29,1.5624999478459358,0.012971599896748801
6551,as6-fragment01-38,-0.6874999962747097,0.023694554964701402
6559,as6-fragment01-40,5.7499997928971434,0.013463358084360701
6561,as6-fragment01-40,5.499999857856892,0.0483062863349914
6576,as6-fragment01-47,4.6093749708961695,0.0089237342278162008
6590,as6-fragment01-51,2.9062499888241291,0.048683126767476298
6594,as6-fragment01-53,5.1874999988358468,-0.0016096035639445001
6602,as6-fragment01-62,-0.4843749944120645,0.047022690375645902
6603,as6-fragment01-62,3.3750000632135202,0.00088701645533250002
6607,as6-fragment01-63,0.81249995902180672,-0.0045749743779499004
6611,as6-fragment01-68,4.3437499278807081,0.037320852279663003
6633,as6-fragment01-71,1.0625,0.016596138477325401
6653,as6-fragment01-76,1.5312500344589353,5.93314568202441e-05
6663,as6-fragment01-77,3.6250000079162419,0.0190996676683425
6665,as6-fragment01-78,2.312499962747097,-0.0039459665616351997
6667,as6-fragment01-79,1.8124999441206453,0.099854667981465695
6675,as6-fragment01-81,1.125,0.13840432961781809
6689,as6-fragment01-84,3.3437499932479118,0.0187697907288869
6700,as6-fragment01-85,3.4375000735162762,0.0139297544956208
6745,as6-fragment01-98,0.31249997392296791,0.00021843115488689999
6760,as6-fragment01-103,4.3750000558793545,-0.0086426933606465993
6770,as6-fragment01-104,0.43750000558793539,-0.0513698607683181
6797,as6-fragment01-110,1.3124999776482582,0.041602810223897203
6829,as6-fragment01-116,2.6250000381842256,0.0028431415557860999
6871,as6-fragment02-356,3.7812499738647598,0.0278111100196838
6879,as6-fragment02-358,-1.0625,-0.0020185510317483999
6880,as6-fragment02-358,-0.4375,0.0028107364972432001
6883,as6-fragment02-359,2.74999996367842,0.020800769329071
6908,as6-fragment02-364,4.0625000242143869,-0.0048228899637857
6922,as6-fragment02-368,2.3125000856816769,-0.00049614906311029995
6947,as6-fragment02-378,5.0937500091968104,0.0102022687594096
6979,as6-fragment02-386,3.624999875202775,-0.0161647995313009
6980,as6-fragment02-386,3.3750000051222742,0.0914956132570902
6991,as6-fragment02-388,2.3541667287548385,0.010836124420166
7028,as6-fragment02-400,4.8125001287553459,0.032809754212697301
7032,as6-fragment02-401,2.3125000661239028,0.0096499522527058006
7043,as6-fragment02-404,-0.1875000074505806,0.0039165914058684999
7047,as6-fragment02-405,2.0625000195577741,-0.0096584558486938008
7049,as6-fragment02-406,6.3124999683350325,0.0220584273338317
7055,as6-fragment02-408,0.87499995715916157,0.035810997088750303
7065,as6-fragment02-411,4.5937499880092219,-0.023505265514055899
7069,as6-fragment02-414,2.0624999478459358,-0.049822429815928097
7079,as6-fragment02-418,4.3125000023283064,0.018083294232686301
7080,as6-fragment02-418,3.6250000102445479,-0.00079192717870080003
7102,as6-fragment02-422,3.6875000201398502,0.013874093691507799
7131,as6-fragment02-426,0.62500001490116119,0.0092006127039590997
7139,as6-fragment02-427,1.4374999776482582,0.0143272876739501
7147,as6-fragment02-429,4.0000001536682248,0.023525814215342101
7165,as6-fragment02-435,3.0000000833533704,0.013724585374196199
7174,as6-fragment02-438,4.8750000778818503,0.033758580684661803
7178,as6-fragment02-438,3.0624999757856131,0.039846042792002302
7193,as6-fragment02-441,-1.8125000037252903,-0.037273327509562103
7196,as6-fragment02-441,4.5000001080334187,0.042697191238403299
7201,b17-fragment02-175,3.718749996740371,0.098813136418660394
7243,b17-fragment02-201,5.6874998825369403,0.077646831671396896
7247,b17-fragment02-202,4.3125001033768058,0.021373550097147601
7255,b17-fragment02-205,4.9687500445579644,0.020622501770655201
7259,b17-fragment02-205,-0.37499997019767761,-0.0087182323137918998
7274,b17-fragment02-210,4.1874999440042302,0.062403718630472699
7280,b17-fragment02-212,2.562500087544322,0.01139497756958
7282,b17-fragment02-213,2.937500037252903,0.0037023027737935
7301,b17-fragment02-223,1.4999999739229679,-0.0135007103284199
7325,b17-fragment02-231,4.1041667096239207,0.0092478328280977996
7333,b17-fragment02-235,4.1874998733401299,0.036946912606557102
7350,b17-fragment02-246,-0.875,-0.0214258631070454
7361,b1g-fragment02-742,2.7812500279396768,-0.0046428839365641999
7364,b1g-fragment02-742,2.7500000670552254,-0.0071639815966288
7389,b1g-fragment02-748,2.8749999850988388,-0.0543264150619506
7436,b1g-fragment02-757,2.3437499748542905,-0.010398089885711601
7465,b1g-fragment02-763,2.312499925494194,-0.0055741071701048998
7476,b1g-fragment02-1485,1.8124999329447744,-0.0071066816647845999
7491,b1g-fragment02-1493,2.8124998863786459,0.0041605631510416999
7506,b1g-fragment02-1498,-1.750000037252903,0.1234179337819416
7508,b1g-fragment02-1498,2.6874999664723878,-0.0062107443809509
7536,b1g-fragment02-1508,3.5625000083819032,0.0027316013971964001
7550,b1g-fragment02-1511,3.2500000484287739,0.0020883679389953002
7554,b1g-fragment02-1512,1.6875,0.014951229095458899
7558,b1g-fragment02-1513,-0.68750002980232239,0.059718608856201102
7567,b1g-fragment02-1517,2.3750000260770321,-0.0131211678187052
7572,b1g-fragment02-1521,0.25000001490116119,-0.0032527049382526001
7600,b1g-fragment02-1535,3.8125001383014014,-0.031296590963999303
7608,b1g-fragment02-1537,1.1249999478459358,-0.0090185006459554008
7631,b1g-fragment02-1548,-0.98437500465661276,0.082578370968500805
7682,b1g-fragment02-1569,1.374999962747097,0.011966327826182
7689,b1g-fragment02-1570,1.1874999701976776,-0.016339838504791201
7703,b1g-fragment02-1577,1.5625000521540642,0.011060098807016999
7737,bmw-fragment09-2549,0.87500001490116119,-0.0090559124946593995
7747,bmw-fragment09-2553,0.43749998509883881,0.00062197446823119998
7815,bmw-fragment09-2611,1.8750000117346644,-0.0107905507087707
7820,bmw-fragment09-2614,-0.25,0.056681970755259201
7839,bmw-fragment09-2623,3.2812500544823706,0.021348098913828599
7865,bmw-fragment09-2635,2.2291666641831398,0.0139735009935165
7872,bmw-fragment09-2641,4.0000000204890966,-0.011297643184661799
7874,bmw-fragment09-2641,3.2500000135041773,0.0573991537094116
7902,bmw-fragment09-2681,2.7812500144354999,0.0083199540774028004
7935,bmw-fragment09-2724,2.4375000465661287,0.0068741639455158999
7957,bmw-fragment09-2760,3.0624999646097422,-0.055402278900146401
7985,bmw-fragment09-2783,5.000000026775524,0.015443265438079799
7996,bmw-fragment09-2790,2.750000044703484,-0.0098174214363098006
7998,bmw-fragment09-2793,-0.81249995529651642,0.0060019493103026997
8060,bpa-fragment14-2037,1.7187500288709998,0.0198978980382283
8144,bpa-fragment14-2136,1.0312500298023224,0.0066833794116973001
8162,bpa-fragment14-2154,4.0937499573919922,0.0569246311982472
8216,bpa-fragment14-2241,-2.812499918043613,0.043124377727508503
8237,bpa-fragment14-2278,2.1875000406677523,0.041877143912845201
8306,c8t-fragment01-10,2.7499999832361937,-0.00052404403686520001
8311,c8t-fragment01-11,-2.4375000763684511,-0.020234266916910701
8316,c8t-fragment01-13,3.7500000386498868,0.0291390021642049
8333,c8t-fragment01-23,0.87499998509883881,-0.0059580206871032004
8368,c8t-fragment01-48,3.968749947031029,-0.0110109547773997
8423,c8t-fragment01-115,2.2187499859137461,0.0058871557315189
8442,c8t-fragment01-127,4.1250000835862011,-0.0059138536453247001
8454,cb5-fragment02-3185,2.8749999236315489,0.049738367398579897
8467,cb5-fragment02-3203,4.6874998845160007,0.10703063011169429
8540,cb5-fragment02-3329,5.0312499452556949,0.037996098399162098
8555,cb5-fragment02-3354,0.6406250037252903,0.010544881224632201
8591,cb5-fragment02-3415,3.3749999962747097,-0.00078825155893949995
8609,ccw-fragment03-1568,2.250000044703484,-0.0056432882944742
8679,ccw-fragment03-1639,0.6875,0.014245649178822799
8684,ccw-fragment03-1640,-0.81250001490116119,0.0040607452392578004
8719,ccw-fragment04-1995,3.7812500600703061,0.020255684852600001
8747,ccw-fragment04-2036,0.5937500111758709,-0.0049256086349487001
8763,ccw-fragment04-2051,3.4583333057040968,-0.0082504947980244995
8769,ccw-fragment04-2053,3.9374999292194839,0.0049390196800230997
8805,ccw-fragment04-2095,0.31249998509883881,-0.048642257849375301
8875,cdb-fragment02-376,1.812500044703484,-0.0184914867083232
8879,cdb-fragment02-387,0.81250000496705377,0.060590055253770703
8913,cdb-fragment02-411,2.6249999778810889,-0.044321705897649
8963,cdb-fragment02-457,-1.9375000596046448,0.021386384963989199
8968,cdb-fragment02-458,2.906250018975697,0.0083171029885611009
9024,cdb-fragment02-511,1.4062500167638063,0.018030693133672001
9072,cdb-fragment04-880,4.4375000215756399,-0.005782081021203
9120,cdb-fragment04-922,4.9999999270658009,0.028228998184204102
9164,cdb-fragment04-964,0.3125,0.024896840254465799
9168,cdb-fragment04-968,-0.062499970197677598,0.0048563480377196997
9172,cdb-fragment04-971,2.6249999552965164,0.012316097815831401
9211,clp-fragment01-757,4.1249999697320163,-0.013120830059051399
9231,clp-fragment01-766,2.729166636553904,0.0071676770846046999
9249,clp-fragment01-772,2.5000000102445483,0.065288106600443402
9274,clp-fragment01-782,4.3750000218860805,0.042285462220509801
9306,clp-fragment01-790,-2.145833307877183,-0.016732977496253201
9312,clp-fragment01-792,0.56249997764825821,0.020789295434951699
9319,clp-fragment01-796,2.1250000521540642,0.0056955019632973997
9328,clp-fragment01-800,-0.24999998509883881,0.087950229644775293
9364,clp-fragment01-812,-1.2812500149011612,-0.0110724965731301
9371,clp-fragment01-815,0,0.090136885643005302
9385,clp-fragment01-822,2.6250000409781933,-0.0084314743677774001
9392,clp-fragment01-826,4.6874999669380486,0.109893798828125
9400,clp-fragment01-831,5.9374997820123099,0.012084086736043199
9409,clp-fragment01-838,2.1249999888241291,0.057511776685714701
9413,clp-fragment01-840,4.8124999655410647,0.077238579591115297
9441,clp-fragment01-852,-1.5625000111758709,0.0175217191378274
9459,clp-fragment01-859,0.49999998509883881,-0.0135430494944254
9467,clp-fragment01-863,-2.8541667044628412,-0.0037226577599842
9477,clp-fragment01-870,1.6875000074505806,0.0047901272773741999
9478,clp-fragment01-870,-0.45833333084980649,0.068531844351026605
9530,clp-fragment01-897,1.562499962747097,0.028656919797261499
9547,clw-fragment01-5,2.8124999981373549,-0.0032170613606771
9556,clw-fragment01-8,0.6875,-0.0095585584640501993
9585,clw-fragment01-21,0.78125002235174179,0.0084608793258666992
9597,clw-fragment01-25,0.7187500037252903,-0.049003879229227498
9608,clw-fragment01-28,0.125,0.0135551492373148
9647,clw-fragment01-45,0.18749995529651639,0.018873214721679601
9649,clw-fragment01-47,0.0625,0.024710396925608301
9670,clw-fragment01-55,3.5624999655410647,0.001206636428833
9705,clw-fragment01-65,1.1406250074505806,0.0046728650728860999
9727,clw-fragment01-72,2.3437500074505806,0.096856892108917306
9738,clw-fragment01-76,3.1875000614672899,0.0039396435022353996
9768,clw-fragment01-83,0.8750000074505806,0.0062592426935830997
9791,clw-fragment01-93,2.2812500540167093,0.00099238753318790004
9832,clw-fragment01-111,3.7500000083819032,0.0039453109105426999
9841,clw-fragment01-115,1.500000037252903,-0.0050250093142190999
9845,clw-fragment01-116,1.7500000223517418,0.0005012253920236
9853,clw-fragment01-118,5.0624999974388629,0.039135376612345299
9857,clw-fragment01-119,3.3749999499414121,0.057069669167200597
9869,clw-fragment01-123,3.1562500111758709,0.0010400414466856999
9891,clw-fragment01-132,1.3125000298023224,-0.012744093934694899
9895,clw-fragment01-133,1.3749999701976776,-0.00012993812561030001
9921,clw-fragment01-141,3.2499999767169361,0.054879476626713997
9926,clw-fragment01-141,2.7500000540167093,0.0087859729925792007
9941,clw-fragment01-148,0.6874999925494194,0.0106070439020792
9953,clw-fragment01-150,6.5937498870189302,0.043781489133834797
9997,clw-fragment01-161,1.750000037252903,-0.0066915750503539996
10021,crs-fragment01-6,1.0625000149011612,-0.0003882845242817
10034,crs-fragment01-10,3.4687500053551048,-0.0046997567017873004
10067,crs-fragment01-37,1.6249999962747097,-0.039038340250651102
10118,crs-fragment01-71,3.0312499437714,0.039765099684397398
10138,crs-fragment01-85,1.7187500167638063,0.010290453831354801
10142,crs-fragment01-88,1.4375000223517418,0.0032029747962951001
10187,cty-fragment03-463,0.18749998509883881,0.0149337649345397
10192,cty-fragment03-464,0.37500002980232239,-0.017702937126159599
10196,cty-fragment03-464,0.0625,-0.0284052491188049
10200,cty-fragment03-467,2.6249999552965164,0.044786095619201598
10212,cty-fragment03-469,2.6249999571591616,0.0087456305821737006
10222,cty-fragment03-469,-0.3125,0.0097291469573974002
10229,cty-fragment03-473,-1.1249999850988388,0.011054138342539399
10255,cty-fragment03-479,0.62500002980232239,-0.015976508458455399
10265,cty-fragment03-481,3.3124999701976776,0.0061963995297749999
10297,cty-fragment03-492,1.687500074505806,0.026014188925425199
10312,cty-fragment03-494,1.7499999925494194,-0.00085284312566109995
10318,cty-fragment03-495,1.1562499813735485,0.015029639005661
10333,cty-fragment03-498,0.1249999701976776,0.0155486663182576
10360,cty-fragment03-511,-1.5624999701976776,-0.0256495674451192
10368,cty-fragment03-514,1.9687500428408384,0.0478519002596536
10371,cty-fragment03-516,-2.3124999683350325,0.00034548838933310002
10376,cty-fragment03-517,2.6562499543651938,-0.0055524210135142003
10378,cty-fragment03-518,2.624999949708581,0.0165401299794515
10379,cty-fragment03-518,1.3749999925494194,0.0062587559223176003
10381,cty-fragment03-520,2.374999918043613,-0.013566593329111599
10403,cty-fragment03-523,1.3124999403953552,0.0043728053569792999
10446,cty-fragment03-531,-1.6249999403953552,0.00013381242752069999
10479,cty-fragment03-539,-0.8125,-0.0310419996579488
10490,cty-fragment03-542,1.3437499720603228,0.0142610569794972
10491,cty-fragment03-542,2.6874999683350325,-0.012313663959503099
10495,cty-fragment03-543,0.375,-0.0377183953921
