S_context_i_nats,fitted_Delta,ci_lower,ci_upper
-5.1250000525033101,-0.009316552441020174,-0.018709419279594311,7.6314397553961175e-05
-5.0664063028056994,-0.0091261677829461985,-0.018450135433137532,0.00019779986724513705
-5.0078125531080877,-0.0089357831248722194,-0.018190888638003194,0.00031932238825875363
-4.9492188034104769,-0.0087453984667982439,-0.017931679727422926,0.00044088279382643696
-4.8906250537128653,-0.0085550138087242648,-0.017672509559321845,0.00056248194187331554
-4.8320313040152545,-0.0083646291506502893,-0.017413379017221346,0.00068412071592076698
-4.7734375543176428,-0.008174244492576312,-0.017154289011180796,0.00080580002602817155
-4.7148438046200321,-0.0079838598345023382,-0.016895240478780257,0.00092752080977558105
-4.6562500549224204,-0.0077934751764283591,-0.016636234386146094,0.0010492840332893758
-4.5976563052248096,-0.0076030905183543853,-0.016377271729021765,0.0011710906923129948
-4.539062555527198,-0.0074127058602804063,-0.01611835353388592,0.0012929418133251075
-4.4804688058295872,-0.0072223212022064307,-0.015859480859120367,0.0014148384547075059
-4.4218750561319755,-0.0070319365441324534,-0.015600654796230269,0.0015367817079653626
-4.3632813064343647,-0.0068415518860584779,-0.01534187647111938,0.0016587726990024247
-4.3046875567367531,-0.0066511672279845006,-0.015083147045423066,0.0017808125894540651
-4.2460938070391423,-0.006460782569910525,-0.014824467717902157,0.001902902578081107
-4.1875000573415306,-0.0062703979118365477,-0.014565839725900719,0.0020250439022276231
-4.1289063076439199,-0.0060800132537625722,-0.014307264346871176,0.0021472378393460317
-4.0703125579463091,-0.0058896285956885966,-0.014048742899970226,0.0022694857085930331
-4.0117188082486974,-0.0056992439376146193,-0.013790276747729377,0.0023917888725001387
-3.9531250585510862,-0.005508859279540642,-0.013531867297803982,0.0025141487387226984
-3.894531308853475,-0.0053184746214666647,-0.013273516004805044,0.0026365667618717149
-3.8359375591558638,-0.0051280899633926891,-0.013015224372218146,0.0027590444454327675
-3.7773438094582525,-0.0049377053053187119,-0.01275699395441428,0.002881583343776856
-3.7187500597606413,-0.0047473206472447363,-0.012498826358757502,0.0030041850642680296
-3.6601563100630301,-0.004556935989170759,-0.012240723247814719,0.0031268512694731998
-3.6015625603654189,-0.0043665513310967817,-0.011982686341673173,0.0032495836794796101
-3.5429688106678077,-0.0041761666730228061,-0.011724717420371573,0.0033723840743259603
-3.4843750609701969,-0.0039857820149488306,-0.01146681832645112,0.0034952542965534577
-3.4257813112725852,-0.0037953973568748533,-0.011208990967633125,0.0036181962538834192
-3.3671875615749745,-0.0036050126988008777,-0.010951237319630273,0.0037412119220285164
-3.3085938118773628,-0.0034146280407268987,-0.010693559429098961,0.0038643033476451639
-3.250000062179752,-0.0032242433826529249,-0.010435959416740796,0.0039874726514349456
-3.1914063124821404,-0.0030338587245789458,-0.010178439480561489,0.0041107220314035974
-3.1328125627845296,-0.0028434740665049703,-0.0099210018992963098,0.0042340537662863692
-3.0742188130869184,-0.0026530894084309947,-0.0096636490360113812,0.0043574702191493909
-3.0156250633893071,-0.0024627047503570174,-0.0094063833418910441,0.0044809738411770092
-2.9570313136916959,-0.0022723200922830419,-0.0091492073602219229,0.0046045671756558392
-2.8984375639940847,-0.0020819354342090646,-0.0088921237305850005,0.0047282528621668705
-2.8398438142964735,-0.001891550776135089,-0.0086351351932678344,0.0048520336409976573
-2.7812500645988623,-0.0017011661180611117,-0.0083782445939096194,0.0049759123577873959
-2.722656314901251,-0.0015107814599871344,-0.0081214548883926877,0.0050998919684184189
-2.6640625652036398,-0.0013203968019131589,-0.007864769147994867,0.0052239755441685501
-2.6054688155060286,-0.0011300121438391816,-0.0076081905648179328,0.0053481662771395697
-2.5468750658084174,-0.00093962748576520601,-0.0073517224575084085,0.0054724674859779965
-2.4882813161108062,-0.00074924282769122871,-0.0070953682772878692,0.0055968826219054118
-2.4296875664131949,-0.00055885816961725142,-0.0068391316143110274,0.0057214152750765246
-2.3710938167155837,-0.00036847351154327499,-0.0065830162043709192,0.0058460691812843692
-2.3125000670179725,-0.00017808885346929856,-0.0063270259359716943,0.0059708482290330971
-2.2539063173203613,1.2295804604677864e-05,-0.0060711648577907538,0.0060957564670001095
-2.1953125676227501,0.00020268046267865429,-0.0058154371865532239,0.0062207981119105325
-2.1367188179251388,0.00039306512075263072,-0.0055598473153431463,0.0063459775568484077
-2.0781250682275276,0.00058344977882660715,-0.0053043998223771521,0.0064712993800303664
-2.0195313185299164,0.00077383443690058444,-0.0050490994802678685,0.0065967683540690374
-1.9609375688323056,0.00096421909497455913,-0.0047939512658058681,0.0067223894557549863
-1.9023438191346944,0.0011546037530485356,-0.0045389603702905195,0.0068481678763875906
-1.8437500694370832,0.0013449884111225129,-0.0042841322104418388,0.0069741090326868645
-1.785156319739472,0.0015353730691964893,-0.004029472439927048,0.0071002185783200266
-1.7265625700418608,0.0017257577272704657,-0.003774986961537382,0.0072265024160783134
-1.6679688203442495,0.0019161423853444421,-0.0035206819400524217,0.0073529667107413059
-1.6093750706466383,0.0021065270434184186,-0.003266563815831066,0.0074796179026679031
-1.5507813209490271,0.0022969117014923959,-0.0030126393191700507,0.0076064627221548425
-1.4921875712514159,0.0024872963595663723,-0.0027589154854727573,0.0077335082046055019
-1.4335938215538047,0.0026776810176403487,-0.0025053996712727693,0.0078607617065534659
-1.3750000718561934,0.0028680656757143251,-0.002252099571158404,0.0079882309225870543
-1.3164063221585822,0.0030584503337883016,-0.0019990232356459905,0.0081159239032225945
-1.257812572460971,0.003248834991862278,-0.0017461790900511615,0.0082438490737757174
-1.1992188227633598,0.0034392196499362549,-0.0014935759544086762,0.0083720152542811864
-1.1406250730657486,0.0036296043080102317,-0.0012412230644922835,0.0085004316805127461
-1.0820313233681373,0.0038199889660842081,-0.00098913009398685775,0.008629108026155274
-1.0234375736705266,0.0040103736241581828,-0.00073730717786524725,0.0087580544261816121
-0.9648438239729149,0.0042007582822321619,-0.00048576493702204727,0.0088872815014863701
-0.90625007427530413,0.0043911429403061366,-0.00023451450421564917,0.0090168003848279214
-0.84765632457769247,0.0045815275983801147,1.643244863189057e-05,0.0091466227481283389
-0.78906257488008169,0.0047719122564540903,0.00026706368172999765,0.0092767608311781838
-0.73046882518247003,0.0049622969145280676,0.00051736635726661821,0.0094072274717895178
-0.67187507548485925,0.0051526815726020431,0.00076732700776883586,0.0095380361374352504
-0.61328132578724759,0.0053430662306760204,0.0010169315029457011,0.0096692009584063397
-0.55468757608963681,0.005533450888749996,0.0012661650149902934,0.0098007367625096986
-0.49609382639202515,0.0057238355468239742,0.0015150119823290351,0.0099326591113189124
-0.43750007669441437,0.0059142202048979488,0.0017634560718194792,0.010064984337976418
-0.37890632699680271,0.006104604862971927,0.0020114801394144613,0.010197729586529394
-0.32031257729919194,0.0062949895210459026,0.0022590661893300851,0.01033091285276172
-0.26171882760158027,0.0064853741791198807,0.0025061953317792925,0.010464553026460469
-0.2031250779039695,0.0066757588371938554,0.00275284773936084,0.01059866993502687
-0.14453132820635783,0.0068661434952678336,0.0029990026022275944,0.010733284388308072
-0.085937578508747059,0.0070565281533418091,0.0032446380821972245,0.010868418224486394
-0.027343828811136284,0.0072469128114157838,0.003489731266014864,0.011004094356816704
0.03124992088647538,0.007437297469489762,0.0037342581180305058,0.011140336820949018
0.089843670584086155,0.0076276821275637376,0.0039781934326155923,0.011277170822511883
0.14843742028169782,0.0078180667856377149,0.0042215107867136312,0.011414622784561798
0.20703116997930859,0.0080084514437116904,0.0044641824929993884,0.011552720394423992
0.26562491967692026,0.0081988361017856677,0.0047061795542113552,0.01169149264935998
0.32421866937453103,0.0083892207598596433,0.0049474716193225032,0.011830969900396783
0.3828124190721427,0.0085796054179336223,0.0051880269423257644,0.01197118389354148
0.44140616876975347,0.0087699900760075961,0.0054278123445323703,0.012112167807482822
0.49999991846736513,0.0089603747340815752,0.0056667931814135342,0.012253956286749617
0.55859366816497591,0.009150759392155549,0.0059049333151567317,0.012396585469154366
0.61718741786258757,0.009341144050229528,0.0061421950942566732,0.012540093006202383
0.67578116756019835,0.0095315287083035036,0.0063785393416138422,0.012684518074993165
0.73437491725781001,0.0097219133663774809,0.0066139253527679846,0.012829901379986977
0.79296866695542079,0.0099122980244514564,0.0068483109060440521,0.012976285142858861
0.85156241665303245,0.010102682682525434,0.0070816522865286176,0.01312371307852225
0.91015616635064323,0.010293067340599409,0.0073139043259171262,0.013272230355281692
0.96874991604825489,0.010483451998673388,0.0075450204603677989,0.013421883536978978
1.0273436657458657,0.010673836656747362,0.0077749528085549148,0.013572720504939809
1.0859374154434773,0.010864221314821341,0.0080036522721207252,0.013724790357521957
1.1445311651410881,0.011054605972895315,0.0082310686606667047,0.013878143285123925
1.2031249148386989,0.011244990630969291,0.0084571508432875839,0.014032830418650997
1.2617186645363105,0.01143537528904327,0.0086818469284195461,0.014188903649666993
1.3203124142339213,0.011625759947117245,0.0089051044734342697,0.014346415420800221
1.378906163931533,0.011816144605191222,0.0091268707249501126,0.014505418485432332
1.4374999136291438,0.012006529263265196,0.009347092890242336,0.014665965636288057
1.4960936633267554,0.012196913921339175,0.0095657184394125922,0.014828109403265758
1.5546874130243662,0.012387298579413151,0.0097826954371266484,0.014991901721699653
1.6132811627219779,0.012577683237487128,0.0099979729017613209,0.015157393573212935
1.6718749124195886,0.012768067895561104,0.010211501188737995,0.015324634602384212
1.7304686621172003,0.012958452553635081,0.010423232393695093,0.015493672713575069
1.7890624118148111,0.013148837211709057,0.010633120770009021,0.015664553653409092
1.8476561615124227,0.013339221869783036,0.0108411231540679,0.015837320585498173
1.9062499112100335,0.013529606527857011,0.011047199390697735,0.016012013665016287
1.9648436609076452,0.013719991185930988,0.01125131275030496,0.016188669621557017
2.0234374106052559,0.013910375844004962,0.011453430328700517,0.016367321359309406
2.0820311603028676,0.014100760502078941,0.011653523420272555,0.016547997583885327
2.1406249100004784,0.014291145160152917,0.011851567855227773,0.016730722465078063
2.1992186596980901,0.014481529818226894,0.012047544292060522,0.016915515344393266
2.2578124093957008,0.01467191447630087,0.012241438457243506,0.017102390495358236
2.3164061590933125,0.014862299134374847,0.012433241325350442,0.017291356943399252
2.3749999087909233,0.015052683792448823,0.012622949234375465,0.01748241835052218
2.433593658488534,0.015243068450522798,0.012810563932838732,0.017675572968206862
2.4921874081861457,0.015433453108596775,0.012996092557271875,0.017870813659921676
2.5507811578837565,0.015623837766670751,0.013179547540756441,0.018068127992585059
2.6093749075813681,0.015814222424744728,0.013360946455231799,0.018267498394257658
2.6679686572789789,0.016004607082818704,0.013540311792188347,0.018468902373449062
2.7265624069765906,0.016194991740892683,0.013717670688021199,0.018672312793764169
2.7851561566742014,0.016385376398966658,0.013893054601661667,0.01887769819627165
2.843749906371813,0.016575761057040637,0.014066498953077232,0.019085023161004043
2.9023436560694247,0.016766145715114613,0.014238042731809522,0.019294248698419704
2.9609374057670355,0.016956530373188589,0.014407728084907029,0.01950533266147015
3.0195311554646462,0.017146915031262564,0.014575599893430076,0.019718230169095054
3.078124905162257,0.01733729968933654,0.014741705346206691,0.01993289403246639
3.1367186548598696,0.017527684347410519,0.014906093518758417,0.020149275176062621
3.1953124045574803,0.017718069005484494,0.015068814964362368,0.020367323046606621
3.2539061542550911,0.01790845366355847,0.015229921323138626,0.020586986003978312
3.3124999039527019,0.018098838321632445,0.015389464953915832,0.020808211689349061
3.3710936536503144,0.018289222979706428,0.015547498592490765,0.021030947366922091
3.4296874033479252,0.0184796076377804,0.015704075038808069,0.021255140236752731
3.488281153045536,0.018669992295854379,0.015859246874581387,0.021480737717127371
3.5468749027431468,0.018860376953928351,0.016013066211982535,0.021707687695874167
3.6054686524407593,0.01905076161200233,0.016165584473257298,0.021935938750747362
3.6640624021383701,0.019241146270076309,0.016316852200489965,0.022165440339662654
3.7226561518359809,0.019431530928150281,0.016466918894233747,0.022396142962066816
3.7812499015335916,0.01962191558622426,0.016615832879342832,0.022627998293105689
3.8398436512312024,0.019812300244298232,0.016763641196073195,0.02286095929252327
3.898437400928815,0.020002684902372215,0.016910389514350366,0.023094980290394064
3.9570311506264257,0.02019306956044619,0.017056122069017306,0.023330017051875075
4.0156249003240365,0.020383454218520163,0.017200881613861047,0.023566026823179279
4.0742186500216473,0.020573838876594142,0.017344709392257008,0.023802968360931275
4.1328123997192598,0.020764223534668121,0.017487645122353207,0.024040801946983034
4.1914061494168706,0.020954608192742096,0.017629726994830692,0.0242794893906535
4.2499998991144814,0.021144992850816072,0.017770991681411205,0.024518994020220938
4.3085936488120922,0.021335377508890044,0.017911474352431029,0.024759280665349059
4.3671873985097047,0.021525762166964026,0.018051208701953224,0.025000315631974829
4.4257811482073155,0.021716146825038002,0.018190226979044457,0.025242066671031547
4.4843748979049263,0.021906531483111977,0.018328560023993325,0.025484502942230629
4.542968647602537,0.022096916141185953,0.018466237308390608,0.025727594973981298
4.6015623973001496,0.022287300799259932,0.018603286978127791,0.025971314620392073
4.6601561469977604,0.022477685457333908,0.018739735898495386,0.026215635016172429
4.7187498966953711,0.022668070115407883,0.018875609700677955,0.026460530530137812
4.7773436463929819,0.022858454773481859,0.019010932829046728,0.026705976717916989
4.8359373960905945,0.023048839431555841,0.019145728588744651,0.026951950274367031
4.8945311457882053,0.023239224089629813,0.019280019193141807,0.02719842898611782
4.953124895485816,0.023429608747703789,0.019413825810813037,0.02744539168459454
5.0117186451834268,0.023619993405777764,0.019547168611753939,0.027692818199801589
5.0703123948810376,0.02381037806385174,0.019680066812607901,0.027940689315095579
5.1289061445786501,0.024000762721925722,0.019812538720725248,0.028188986723126197
5.1874998942762609,0.024191147379999698,0.019944601776917599,0.028437692983081797
5.2460936439738717,0.02438153203807367,0.020076272596806038,0.028686791479341302
5.3046873936714825,0.024571916696147646,0.020207567010692061,0.02893626638160323
5.363281143369095,0.024762301354221628,0.020338500101905653,0.029186102606537603
5.4218748930667058,0.024952686012295604,0.020469086243606112,0.029436285780985096
5.4804686427643166,0.025143070670369579,0.020599339134028932,0.029686802206710227
5.5390623924619273,0.025333455328443551,0.020729271830186278,0.029937638826700825
5.5976561421595399,0.025523839986517534,0.020858896780040458,0.03018878319299461
5.6562498918571507,0.025714224644591509,0.020988225853178989,0.03044022343600403
5.7148436415547614,0.025904609302665485,0.021117270370027377,0.030691948235303593
5.7734373912523722,0.026094993960739461,0.021246041129641128,0.030943946791837793
5.8320311409499848,0.02628537861881344,0.021374548436122895,0.031196208801503984
5.8906248906475955,0.026475763276887415,0.021502802123713551,0.031448724430061283
5.9492186403452063,0.026666147934961391,0.021630811580608068,0.031701484289314713
6.0078123900428171,0.026856532593035366,0.021758585771548111,0.031954479414522625
6.0664061397404296,0.027046917251109345,0.021886133259243781,0.032207701242974909
6.1249998894380404,0.027237301909183321,0.022013462224676948,0.032461141593689694
6.1835936391356512,0.027427686567257296,0.022140580486337852,0.032714792648176741
6.242187388833262,0.027618071225331272,0.022267495518445972,0.032968646932216572
6.3007811385308727,0.027808455883405248,0.022394214468204887,0.033222697298605608
6.3593748882284853,0.027998840541479227,0.022520744172139371,0.033476936910819079
6.4179686379260961,0.028189225199553202,0.022647091171561624,0.033731359227544777
6.4765623876237068,0.028379609857627178,0.022773261727211641,0.033985957988042714
6.5351561373213176,0.028569994515701153,0.022899261833115123,0.034240727198287184
6.5937498870189302,0.028760379173775136,0.023025097229700465,0.034495661117849803
