sentence_id,source_sid,C_i_nats,S_word_i_nats,Delta_i,C_residual_nats,Delta_residual
1,a1e-fragment01-1,0.43750006891787052,3.2499999683350325,0.016811152299245201,0.45982190025073821,-0.0037332725283272805
2,a1e-fragment01-1,-4.1249999897554517,0.99999998509883881,-0.00099144379297880008,-5.5462582892721422,-0.016911714846021792
15,a1e-fragment01-7,0.25,-1.0625000149011612,-0.027211964130401601,-2.494540095988004,-0.038893427525210987
28,a1e-fragment01-15,-0.85416667908430099,1.3541666741172471,-0.0085864331987168998,-2.0481947567854397,-0.025234580360221699
33,a1e-fragment01-22,1.7500000856816769,-2.3125000707805161,0.044968525568644099,-1.7965290137164001,0.03585603662700021
37,a1e-fragment01-23,0.31249998655403027,5.7812500606523827,0.037119130293528001,1.9588495364225977,0.011372532241121919
40,a1e-fragment01-23,6.1875000689178714,-5.2500000391155481,0.072371761004129995,0.75629691607358485,0.069296361692468902
48,a1e-fragment01-28,2.2187499832361937,0,0.036955167849858701,0.15590051923325898,0.023090076236849867
52,a1e-fragment01-29,8.0624999566935003,-3.6250000330619518,0.0309033592542012,3.6738824655590312,0.024488293290278462
72,a1f-fragment07-152,-2.3749999441206451,3.6249999739229679,0.11468031671312109,-2.1120814189350958,0.093365199572567392
117,a1f-fragment09-170,0.37499994970858092,1.000000037252903,0.0078608691692350994,-1.0462583163465227,-0.0080594019909938554
141,a1f-fragment11-186,0.18749996274709699,1.25,-1.3132890065548077e-05,-1.0733605336974661,-0.016447198841397781
175,a1g-fragment27-410,4.8124999832361937,-1.4375,0.033029158910115597,1.8273632065411318,0.022118387786178667
178,a1g-fragment27-412,1.2500000260770321,-0.37500002235174179,-0.0014577209949493001,-1.0534461425340944,-0.014552120260524274
197,a1g-fragment27-423,3.3124999524734449,2.8750000186264515,0.060112098852793401,3.0942251258053317,0.040338366223360053
200,a1g-fragment27-426,0.53125002689193934,3.0937500001164158,0.023657997449239101,0.45332325767066584,0.0034346943486406011
202,a1g-fragment27-427,2.6875000018626451,-0.2187499962747097,0.038230498631795097,0.48430247092710887,0.024814977520336713
206,a1h-fragment05-71,2.3750000428408384,0.43750002980232239,0.026402195294697998,0.59284673660424092,0.011637962602026852
210,a1h-fragment05-73,1.6249999925494194,-1.6249999925494194,0.0047672788302102996,-1.4804351244991718,-0.0057581461582903986
214,a1h-fragment05-74,1.8125001369044185,3.2499999823048711,0.0094178716341654003,1.8348219772002117,-0.011126553222117605
223,a1h-fragment05-77,-0.75000007497146726,4.3750001355074346,0.0183692773183186,-0.0058880655797270975,-0.0044872247573142267
237,a1h-fragment05-80,-0.74999995529651642,0.68749998509883881,0.0158067941665649,-2.3717554967028001,0.00052876669810275612
243,a1h-fragment05-81,2.6874999217689042,-2.4374999217689042,-0.015736301740010599,-0.9392279787804747,-0.02459189355406775
256,a1h-fragment05-87,3.187500087544322,-4.0000001024454832,-0.01482888062795,-1.4417141383735199,-0.020473254147780111
269,a1h-fragment05-90,4.4999999515712261,-1.8437499646097424,0.015135298172632801,1.25421678312577,0.0050594436359176469
274,a1h-fragment05-93,3.8125000353902578,-2.8437500279396768,-0.0299187004566192,-0.074874347733822511,-0.037939375392521256
289,a1h-fragment05-99,4.187499888241291,-0.68749998509883881,-0.0139796535174051,1.6835565016417053,-0.026431809274960628
345,a1h-fragment06-129,-0.062499985098838799,0,0.068288087844848605,-2.1253494491017735,0.054422996231839771
357,a1h-fragment06-133,-0.43750002980232239,-1.3124999776482582,0.0031283299128214001,-3.3424378954008671,-0.0080393386908847071
403,a1j-fragment33-499,0.96874999813735485,-0.93749999813735485,-0.0018775363763173,-1.6955911903393019,-0.013815897239411656
406,a1j-fragment33-500,-1.0624999925494194,1.5624999925494194,0.0089881618817646003,-2.122863251884616,-0.0080881476388362031
428,a1j-fragment33-507,1.43749990593642,3.062499993480742,0.051913638909657701,1.3395234082687975,0.031754560181154787
452,a1j-fragment33-516,5.4999999925494194,-4.0625000074505806,-0.047476510206858197,0.8306863792015502,-0.052992435205003713
490,a1j-fragment34-535,0.81249999441206455,2.4374999385327101,0.032848576704661001,0.3135289777110839,0.013973985258247851
493,a1j-fragment34-536,-1.5000000651925802,-1.5000000074505806,0.023968180020650199,-4.5252362950457874,0.01318585762894172
496,a1j-fragment34-538,-0.9999999918121224,4.2916666480014101,0.0056046711073981003,-0.30935401250677852,-0.01708056569549395
505,a1j-fragment34-539,0.87499986588954926,2.2500000558793545,0.00043863058090200003,0.25573057934338417,-0.018050614955931056
524,a1j-fragment34-544,1.9999998980201781,2.3749999813735485,0.043258408705393499,1.4609294604275826,0.024512265887850909
546,a1j-fragment34-552,-0.53124988201307133,3.8749999248539098,0.0021478533744813001,-0.10793359479812237,-0.019681058532891371
558,a1j-fragment34-556,2.6250001178123057,1.2499999776482582,0.021440108617146701,1.3641396070270624,0.0050060427117513094
562,a1j-fragment34-557,3.5937501152511686,0.62499998509883881,0.0152700543403625,1.9318951254669663,0.00012047558881652515
570,a1k-fragment02-30,1.8124999115243556,3.3125000465661287,0.0278018712997436,1.8749212414275231,0.0071289975944760081
593,a1k-fragment02-39,2.8125000323634595,0.62499999441206455,0.0111187696456908,1.1506450485545405,-0.0040308091249955241
657,a1l-fragment01-8,6.8749999456340447,-4.4062499118736014,0.014366547266642301,1.9851394275289698,0.0095570900151078775
675,a1l-fragment01-17,2.8125000791624188,0.5000000074505806,0.025087912877400701,1.0704462069630596,0.010195231513750225
683,a1l-fragment01-20,1.9687500232830644,1.3437499534338713,0.019636621077855399,0.76803866952896183,0.003009882146850662
752,a1m-fragment01-12,3.6874999714394412,-1.2500000211099784,0.1398782465193007,0.82266152633415901,0.12858212928800006
753,a1m-fragment01-12,-0.875,0.81250002980232239,-0.016793469587961699,-2.4165566159690863,-0.032328394582129868
759,a1m-fragment01-17,0.15625003579771141,4.2187499916472007,-0.030066261688868199,0.80011333194519851,-0.052601641676552
770,a1m-fragment01-22,-0.5,3.4375000558793545,0.020251750946044901,-0.3573797673657122,-0.00067802021219538072
772,a1m-fragment01-23,1.2812499958090484,-1.250000003259629,0.070221076409022004,-1.5835884378436069,0.058924959141035689
809,a1m-fragment01-47,2.7500000362633727,1.0312499953433871,0.020963211854298801,1.3487914675084529,0.0049787164217433358
840,a1n-fragment09-201,-0.062499869614839498,-2.1875000856816769,-0.020946343739827501,-3.5288300818175324,-0.030315730084679166
882,a1n-fragment09-213,2.4374999515712261,3.1874999711290002,0.0047871073087055998,2.4197223363187605,-0.015628868807692813
901,a1n-fragment09-221,0.12500008940696711,1.3124999329447746,0.0105327566464742,-1.0957610016817181,-0.0060297578839636819
929,a1n-fragment09-228,-1.6250000819563866,3.5625000409781933,0.0126468936602274,-1.4021809621267152,-0.0085397749012206606
996,a1n-fragment18-355,0.9374998901039362,2.2500000158324842,0.1229845484097799,0.31823057786405262,0.10449530295525036
999,a1n-fragment18-355,5.1249999917345122,-6.062499976833351,0.015914082527160599,-0.8274959500630068,0.014508516407408623
1039,a1n-fragment18-370,0.062499981373548501,1.3750000186264515,0.0059141516685484999,-1.1181616063646105,-0.010776811754896774
1049,a1n-fragment18-373,2.1562501371372491,2.5312500027939682,0.012294481197993,1.7174283342326022,-0.0067727834558628242
1051,a1n-fragment18-374,3.4999999362044041,0.81250002235174179,0.013084471225738499,1.9584433154550913,-0.0024504537531173862
1060,a1p-fragment01-4,3.9999999962747097,-1.4999999813735485,0.0082813700040180998,0.97476378315229617,-0.0025009524412833595
1062,a1p-fragment01-5,3.4999999661619463,-1.979166626619796,-0.031528810660044398,0.16733466255197538,-0.04132635965301136
1081,a1p-fragment01-13,0.21874997392296791,-0.3124999925494194,-0.010458985964456999,-2.0445967271893331,-0.023681834008197268
1091,a1p-fragment01-15,1.5000000172294676,0.1249999925494194,0.0040024518966673998,-0.48265055479785657,-0.010119537134861495
1132,a1p-fragment03-68,2.6562500037252903,-0.87500002980232239,0.010590006907780799,0.03200824331058838,-0.0014768026071525376
1196,a1u-fragment04-61,1.3125000819563866,-3.1875000521540642,0.046587626139322803,-2.7954212827819829,0.039273419196224596
1321,a1u-fragment04-128,0.75000001350417733,4.0624999636784196,0.0153440038363138,1.293614670762345,-0.0068702543015987157
1328,a1u-fragment04-134,-0.43749992689117789,4.4999999371357262,0.037134130795796597,0.38681085198286214,0.014020731694020891
1333,a1u-fragment04-140,4.5625,-3.1875000521540642,-0.017816921075185101,0.45457863526163056,-0.025131128018283308
1343,a1u-fragment04-148,2.1250000167638063,0.56249998509883881,0.00049938758214310001,0.42304557860168535,-0.014521742452486705
1347,a1u-fragment04-151,0.87499994039535522,0.125,0.0013978282610573999,-1.1076506268517423,-0.012724160785783777
1379,a1x-fragment04-165,0.65624990756623447,3.4687500718282536,0.1140074133872985,0.81891987462215443,0.093013417837822285
1381,a1x-fragment04-166,2.2812499930150807,1.3125000093132255,0.018390019734700402,1.0604889509237196,0.0018275050473116478
1390,a1x-fragment04-170,0.124999986262992,4.6875000586733222,0.091813802719116197,1.0696091882482368,0.068315057216810415
1393,a1x-fragment04-172,2.656250004190952,-0.6875,0.0099654793739317998,0.152306608030913,-0.0024866763529991665
1438,a2d-fragment05-35,2.999999986961484,-4.1249999720603228,0.0159043669700622,-1.7094130520582267,0.010516890616099527
1443,a2d-fragment05-38,2.1875000298023224,1.862645149230957e-09,-0.0123896598815917,0.12465056699444421,-0.026254751498428604
1458,a2d-fragment05-46,0.50000004470348358,-0.81250001490116119,0.033501029014587402,-2.0841422577728461,0.021305770752113335
1536,a31-fragment03-119,2.291666568334525,2.4374999958090484,0.1141544448004828,1.7926955883815374,0.095279853236356488
1545,a31-fragment03-124,-0.25,0.68750001490116119,0.0020956595738728001,-1.8717555222853768,-0.013182367955838466
1568,a31-fragment03-139,-0.91666664901034278,3.4999999652694291,0.022157231966654499,-0.73394702613266483,0.0010990122777177064
1577,a31-fragment03-146,3.9062499236315489,0.18750001490116119,0.0254439810911814,1.9636988143228233,0.011193543296799493
1595,a36-fragment07-183,0.99999984132591635,3.9375001115258783,0.023976961771647098,1.4634156966858716,0.0020196007637138629
1605,a36-fragment07-186,0.49999998463317752,-2.6562499892897904,0.071674317121505696,-3.2670760285597211,0.063268295955422674
1618,a36-fragment07-192,-2.0000000800937414,3.750000013038516,-0.019502580165862999,-1.6568826330561643,-0.041074594820638521
1625,a36-fragment07-193,4.4999999530846253,-2.2187499637948349,0.0089198003212610996,1.0136200948944953,-0.00038536191563181763
1627,a36-fragment07-194,2.5625000167638063,-0.1875,0.0001191099484761,0.37935220762711586,-0.013360635513784226
1639,a36-fragment07-196,4.8750000263098627,-0.24999997019767761,0.00029774506886799998,2.6517527879161609,-0.013053551737725277
1644,a36-fragment07-199,3.8750000498257577,0.31249998509883881,-0.0129467844963073,2.0126478181519625,-0.027454119663272426
1670,a38-fragment01-8,1.9375000172294681,2.125,0.051114002863566099,1.2380317980757651,0.032881654875407486
1672,a38-fragment01-9,1.4062499884748831,-0.1406250074505806,0.0045148332913715001,-0.74682323915859516,-0.0090612486932636731
1674,a38-fragment01-9,3.2499999576248229,-4.2499999799765646,-0.0025140444437662,-1.5396119832297162,-0.0076446233476272366
1689,a38-fragment01-17,4.5625000109430403,-0.78124998509883881,0.0038255254427591,1.9984074517765769,-0.0084339572394221719
1693,a38-fragment01-18,1.5000000149011612,-0.81250002980232239,-0.026286125183105399,-1.0841422971356218,-0.038481383414954905
1721,a38-fragment01-33,1.687500013038516,0.1874999962747097,-0.0024927059809366999,-0.25505110822077626,-0.016743143737037905
1730,a39-fragment01-5,2.1250000433065002,-3.5625000209547579,-0.0091125965118407995,-2.2235179916821814,-0.015656111217562163
1735,a39-fragment01-6,1.6250000735744834,1.3124999962747097,0.017603725194930999,0.40423902311772553,0.0010412105343387372
1803,a3c-fragment05-222,7.9999999534338713,-3.8750000353902578,0.025850772857665998,3.4509846672939073,0.019949501766193027
1823,a3c-fragment05-246,1.6875000186264515,-2.6250000484287739,0.0052432815233867001,-2.0595263083205375,-0.0032269638796131777
1832,a3e-fragment02-10,6.8125002055894583,-2.500000093132257,0.079904973506927393,3.1456727467169463,0.07117783076196886
1834,a3e-fragment02-10,4.4374999685678631,-3.5624999983701851,-0.0069573521614073996,0.088981948069243977,-0.013500866913544112
1847,a3e-fragment02-22,1.6875001321313905,-6.8125001846347004,-0.018999139467875101,-4.7461893235246642,-0.01886332055756397
1853,a3e-fragment03-23,1.2499999406281861,3.5624999506399035,0.038314620653788198,1.4728190024976084,0.017127952278001533
1861,a3e-fragment03-26,4.0000000335276127,-1.1875000447034836,0.0267573595046997,1.1752610216628643,0.015332793604971775
1871,a3e-fragment03-31,0.49999995063990349,3.5624999506399035,0.014499783515930099,0.7228190125093259,-0.006686884859856565
1891,a3e-fragment03-47,3.781249999068677,-1.6874999748542905,0.0045934617519379,0.63571544499520583,-0.0058035145560132945
1911,a3e-fragment03-55,-0.25000000558793539,3.687499981373549,0.018811027208963899,0.053017972755759646,-0.002632538663818261
1922,a3k-fragment11-115,-0.99999993294477463,1.999999947845936,0.077190776666005406,-1.7796670823159018,0.059215326218865091
1938,a3k-fragment11-121,3.3750000223517418,-1.8750000596046448,-0.0032297968864439999,0.10916706876943572,-0.013241426869469497
1948,a3k-fragment11-127,3.1875000409781933,-0.93750002235174179,-0.0069268544514973001,0.52315883696579979,-0.018865215264826748
1975,a3k-fragment11-136,3.812499981373549,-2.0625000074505806,0.0137368837992351,0.42636871611907434,0.0041105998597721523
2001,a3k-fragment11-149,0.6249999632127583,4.1249999268911779,0.025163253148396798,1.2087140452464751,0.0028205463691724983
2020,a3k-fragment11-158,2.4166667653868594,-0.16666672502954799,0.0081189407242667991,0.24688540159769889,-0.0054036208570193874
2038,a3m-fragment02-48,-0.12500001303851599,1.250000013038516,0.0234209795792896,-1.3858605011176823,0.0069869136011608754
2044,a3m-fragment02-50,1.875000186730176,1.9374999608844521,0.0172057549158731,1.055233597346527,-0.00064124684114753167
2055,a3m-fragment02-55,1.9999999804422259,3.6875000363215809,0.0615582863489786,2.3030179940400934,0.040114720363268373
2101,a3m-fragment02-77,1.5000000651925802,-2.6250000800937414,-0.016613026460011698,-2.2470262820703724,-0.025083271797934386
2132,a3p-fragment09-159,4.0624999083811417,0.31250006705522537,0.031854708989461099,2.2001477292898408,0.017347373654060892
2143,a3p-fragment09-172,0.98437498457496997,2.9375000524451025,-0.0067454477151233996,0.80619962798252354,-0.026647629130976319
2172,a3p-fragment09-188,2.28125,0.62500002235174179,0.0029858648777008,0.61939503411693142,-0.012163713950406576
2173,a3p-fragment09-188,3.2500001003500074,1.5624999585561454,0.0075803399085997,2.1896368192050257,-0.0094959695421388234
2181,a3p-fragment09-193,3.062500044703484,-2.6875000596046448,0.0046095053354897999,-0.72462573779176376,-0.0037322913276254871
2206,a4d-fragment02-80,0.18750001303851599,1.90625,0.059727042913436799,-0.65231627543790194,0.041944265434484783
2216,a4d-fragment02-90,2.6562500689178705,0.93749997764825821,-0.0047127604484558999,1.1948923162430343,-0.020504582769270443
2242,a4d-fragment02-107,-1.0624999651336111,3.3749999651336111,0.022635936737060401,-0.9599792390989097,0.0018346144822350766
2256,a4d-fragment02-114,5.8749999883584678,-0.75,0.0208962758382161,3.3309571438205103,0.0085725688282013018
2258,a4d-fragment02-116,4.468750064028427,-1.4843750342261046,0.0124774922927221,1.4535386790907596,0.0016630577768130868
2271,a4d-fragment02-124,0.24999998020939529,2.40625005424954,0.0067040522893270001,-0.26902068643764787,-0.012106315036446916
2274,a5e-fragment06-147,1.9999999776482584,-0.3124999925494194,0.0231511493523914,-0.26334672346404253,0.0099283013086511329
2329,a5e-fragment06-179,-3.1874998505227268,4.3749998356215656,-0.0041675170262654004,-2.4433880335351135,-0.027024018485578949
2338,a5e-fragment06-184,2.6250000186264515,-0.9375,0.0010494391123454,-0.039341171045261802,-0.010888921746920887
2379,a5e-fragment06-198,10.562499559018759,-5.1249997850973159,-0.0036675333976744998,5.2114954659061663,-0.006999830665220988
2385,a5e-fragment06-201,1.4999999077990651,1.3750000298023224,0.0016164580980936,0.31933832723124622,-0.015074505348320093
2392,a6u-fragment02-167,-0.56250002235174179,2.0625000596046448,0.21492062012354529,-1.3020676516415493,0.19681672072980461
2395,a6u-fragment02-168,3.8750000726431608,-0.56250002980232239,0.027600665887196799,1.4512555541180521,0.014891612787682612
2399,a6u-fragment02-169,0.9374999925494194,0.3750000111758709,-0.010274350643157799,-0.88475277401566377,-0.024910134580632078
2406,a6u-fragment02-171,3.1875000693835318,0.62499998509883881,0.032067537307739202,1.5256450795993295,0.016917958556193227
2418,a6u-fragment02-175,6.250000002289501,-0.70833330849806464,0.016714778211381599,3.7326901392709115,0.0043054386723817544
2432,a6u-fragment02-181,0.8125000623986125,3.1875000963918865,0.021262764930725001,0.79472252751370887,0.00084678855688887292
2435,a6u-fragment02-182,1.0624999850988388,-1.1249999701976776,0.0043719808260600001,-1.7221395305857232,-0.0071810339437068998
2452,a6u-fragment02-187,0.12499998509883881,-0.43749997019767761,-0.086161812146504702,-2.2185455984286189,-0.099127762802349473
2456,a6u-fragment02-189,2.9375000838190322,0.5000000074505806,0.0180925130844116,1.1954462116196729,0.0031998317207611246
2493,a6u-fragment02-206,-0.1874999962747097,2.4374999739229679,-0.010926047960917199,-0.68647099026961333,-0.02980063948006368
2504,a6u-fragment02-212,0.12500000605359671,-0.34375,-0.015521327654520601,-2.1583964240278903,-0.028679951324490503
2508,a6u-fragment02-213,0.62500004470348358,1.1249999552965164,0.060218393802642801,-0.71605937717827706,0.044041225377016588
2512,a6u-fragment02-214,3.5000000111758709,-0.43749997019767761,0.049435118834177699,1.1564544276484132,0.036469168178332928
2527,a6u-fragment02-222,1.2499999552965164,-0.62499997019767761,-0.037105083465576102,-1.2138439733646971,-0.049685687970672361
2536,a6u-fragment02-234,-1.6249999664723871,1.3749999664723871,0.0143841902414957,-2.8056615876721338,-0.0023067730747636135
2544,a6u-fragment02-237,3.9375000218860809,0.5000000074505806,0.011612395445505699,2.1954461496867217,-0.0032802859181447763
2561,a6u-fragment02-243,4.3749999298015609,-0.43749998509883881,0.0067463219165799998,2.0314543367136499,-0.0062196287086402078
2568,a6u-fragment02-244,-2.000000192085281,6.0000000412110239,0.0038279294967650999,-0.21330258536740265,-0.022368239024892097
2580,a6u-fragment02-253,2.8125000628642738,-4.4062500703148544,0.0099278688430785994,-2.0773605568953109,0.0051184119171693871
2588,a6u-fragment02-256,2.4999999366700649,-0.81249997019767761,0.0004622737566629,-0.084142337124904376,-0.011732984597684848
2601,a6u-fragment02-259,-1.3750000223517418,0.12500007823109621,-0.011884053548177001,-3.3576505394064586,-0.026006042755797119
2603,a6u-fragment02-259,1.1874999701976776,0.125,0.018373926480611001,-0.79515059704941993,0.0042519374337698247
2604,a6u-fragment02-259,0.12500002980232239,0.74999997019767761,0.0062830448150634002,-1.4566560727864963,-0.0091234313396903535
2609,a6u-fragment02-261,-0.87500004470348358,-0.31249997019767761,0.0086459517478942004,-3.1383467314751043,-0.004576896341782908
2672,a6u-fragment02-289,0.31249998509883881,-0.1875,-0.010753333568572899,-1.8706478240378517,-0.024233079030833226
2745,a7s-fragment03-62,2.3750000856816769,0.37499994784593582,0.089507738749186105,0.55274727848466632,0.074871954941866214
2768,a7s-fragment03-78,0.4999999925494194,0.84375001490116119,-0.0089938342571258007,-1.021506908791161,-0.024592983579127491
2856,a7t-fragment01-22,0.99999998789280642,2.3124999906867743,-0.018585503101348801,0.42083010789757591,-0.037203197221115571
2859,a7t-fragment01-23,0.79687503352761269,0.62499999068677425,0.011759161949157699,-0.86497995267141969,-0.0033904168138724853
2878,a7t-fragment01-28,4.7499999650754043,-0.81250001490116119,0.015613317489623999,2.1658576625990746,0.0034180592271499319
2895,a7t-fragment01-33,7.9374998218845576,-3.1875000521540642,0.028401037057240699,3.8295784571461882,0.021086830114142488
2903,a7t-fragment01-34,7.2500000195577741,-3.9375000260770321,0.065641264120737702,2.660885291015175,0.059868441727040547
2937,a7w-fragment01-2,3.562500125728548,0.5000000074505806,0.0192051728566488,1.8204462535291888,0.0043124914929983243
2961,a7w-fragment01-8,-1.8750000111758709,0.25,0.0035921335220335999,-3.7774516816671313,-0.010786752958639916
2968,a7w-fragment01-10,4.8125000121071935,-0.9375,-0.018151303132375101,2.1481588224354802,-0.03008966399164139
3005,a7w-fragment01-16,4.5000000195577741,-3.4374999897554521,0.067546625932057597,0.23168090134212882,0.060746213728383722
3016,a7w-fragment01-17,-0.8124999962747097,-0.93749996274709702,0.039052009582519497,-3.4768411620452895,0.027113648646691808
3021,a7w-fragment01-17,2.5625000149011612,0.5,0.027603487173716301,0.82044613792157506,0.012710805825378107
3022,a7w-fragment01-17,1.0625000111758709,1.5625,-0.019679546356201099,0.0021367566209007371,-0.036755855892114178
3026,a7w-fragment01-18,3.374999925494194,0.31250001490116119,0.0129927992820739,1.5126477129413058,-0.0015145359461403458
3052,a7w-fragment01-32,1.000000037252903,0.3125,0.049149533112843702,-0.86235218486043874,0.034642197915254018
3053,a7w-fragment01-33,0.8749999781139195,1.6250000232830644,0.0098987321058908,-0.14526381312492354,-0.0073060261947893307
3081,a7w-fragment01-46,4.68750009406358,-3.8125000493600969,0.0105927785237629,0.178584247338609,0.0045630587440842856
3121,a7w-fragment01-62,0.31250005029141897,2.1874999757856131,0.0272254745165506,-0.34686873602010221,0.0088646778612407294
3127,a7w-fragment01-64,5.1562499806750566,-0.49999998509883881,-0.0040956338246663001,2.7726049392092267,-0.016933135732970339
3156,a7w-fragment01-74,-2.5624999790452421,3.8749999343417594,0.020384709040323801,-2.1391836857429722,-0.0014442028865481009
3157,a7w-fragment01-76,2.5625000922009349,1.0625,-0.024028042952219601,1.1813412506226162,-0.040076762752803322
3178,a7y-fragment03-183,3.5625000074505806,-1.5,-0.010342717170715301,0.53726378237759986,-0.021125039577736059
3179,a7y-fragment03-183,1.375,-1.5625,0.028513212998708098,-1.6903356734508992,0.017859339308603509
3184,a7y-fragment03-185,1.6249999535502866,3.0624999250285327,0.021042853593826401,1.5270234119643307,0.00088377500600506087
3196,a7y-fragment03-191,3.3750000149011612,-1.9374999701976776,0.1018163959185282,0.069067670303657458,0.091933214468671517
3238,a7y-fragment03-208,0.6875,0.56249997019767761,-0.00044405460357659998,-1.0144544477225743,-0.015465184607581844
3272,a80-fragment15-283,1.125,-0.25,0.039836625258127902,-1.0982472575146089,0.026485328512783745
3289,a80-fragment15-295,-0.99999995529651642,-0.75000002980232239,-0.057917455832163497,-3.544042818955381,-0.070241162780929178
3294,a80-fragment15-297,7.9374999103602022,-4.8749999960418791,0.010491152604420999,2.7468934754191139,0.0066450609027387669
3311,a8m-fragment02-64,2.187500012107193,1.6562500600703061,0.023651431004206299,1.1872859686596788,0.0063824482694637003
3347,a8n-fragment19-315,6.1249999941792339,-3.2812500407453622,0.040392925341923902,1.9569294641937089,0.033271391450753016
3374,a8n-fragment19-325,5.6250000540167093,-2.7500000186264515,-0.0016124447186787001,1.7977748494347905,-0.0098257927490953585
3379,a8n-fragment19-328,-2.281250003259629,2.7500000107102096,0.029572467009226298,-2.5797237317625701,0.010055631829894583
3386,a8n-fragment19-330,3.6249999701976776,-3.6874999850988388,0.022563497225443499,-0.80371693854199933,0.016276879879864127
3388,a8n-fragment19-333,6.4999999618157744,-5.1874999469146132,-0.0089144706726073993,1.1088963165047137,-0.012118318890674131
3465,a8r-fragment02-55,-0.34375004470348358,2.062500013038516,0.0049682656923929003,-1.0833177038697082,-0.013135633605646034
3475,a8r-fragment02-59,1.2500000791624188,-3.0625000866129994,-0.035555561383565297,-2.7777224109286625,-0.043126665689676547
3498,a8r-fragment02-68,4.4999999543651938,-1.1249999776482582,0.015342791875203401,1.7153604339004049,0.0037897771207487819
3504,a8u-fragment14-317,0.4375,-0.87500001490116119,0.0024372736612956001,-2.1867417508542482,-0.0096295358842622969
3521,a8u-fragment14-319,1.0000000889413061,1.9687499729916451,0.0601203093926111,0.20028323151448468,0.042209083252249931
3542,a8u-fragment14-327,0.3749999064020812,3.0000000600703061,0.0096935431162515004,0.2369240030798167,-0.01033708703218875
3555,a8u-fragment14-331,2.6249999962747097,-0.31250002980232239,-0.062167783578236803,0.36165327126127522,-0.075390631545415671
3572,a8u-fragment14-336,3.7812500224099495,1.4375,0.014350553353627501,2.6406878710991419,-0.0024688587484532447
3581,a8u-fragment14-342,0.37500002607703209,-1.2500000074505806,0.0011044840017954,-2.4898384102645008,-0.010191633257577758
3592,a8u-fragment14-349,5.1249998938292265,-1.3749999813735485,0.085878928502400698,2.1799625774626499,0.074839708623266901
3593,a8u-fragment14-351,5.4999999962747097,-2.2499999366700649,0.0019288460413614001,1.9935704312986333,-0.0073120918928197016
3607,a8u-fragment14-357,1.4999999683350325,1.0625,0.0156759619712829,0.11884112675671377,-0.0003727578293008238
3625,a98-fragment03-60,1.6249999925494194,-1.8749999925494196,-0.0053152044614155,-1.6408329180108461,-0.015326834582251519
3640,a98-fragment03-66,1.9374999925494196,-0.37499998509883881,0.0159162481625875,-0.36594615216057291,0.002821848820451122
3641,a98-fragment03-66,0.43749989941716189,1.3125000149011612,0.022327701250712002,-0.78326113908902917,0.0057651865518390383
3656,a98-fragment03-79,4.1562500181607902,-2.8750000069849198,0.0141855080922445,0.24882592429213801,0.0062290574717347429
3702,a9j-fragment01-15,0.74999997764825821,0.75,-0.014821171760559,-0.83165610581965344,-0.030227647976561876
3723,a9j-fragment01-17,3.1875000083819032,-3.3125000083819032,-0.0014548103014627,-1.0006202250284719,-0.0085121199006882153
3751,a9j-fragment01-25,7.062500013038516,-3.6874999757856131,0.0302624503771463,2.6337831102741216,0.023975833012426576
3771,a9j-fragment01-32,6.1874997485429049,-4.3749997932463884,0.00017283360163360001,1.317689030736962,-0.0047008482521591196
3809,a9j-fragment01-47,5.1249998760758899,0.12500002235174179,-0.00044823686281830001,3.1423493231694728,-0.014570225955596317
3817,a9j-fragment01-48,1.1250000447034836,1.1874999701976776,0.028852919737497901,-0.17595991923990506,0.012547302564330957
3824,a9j-fragment01-50,1.3125000074505806,-0.375,-0.0195067723592122,-0.9909461468198657,-0.032601171670724016
3847,a9j-fragment01-57,2.4374998295679688,1.0625000447034836,0.012301723162333199,1.0563410166710105,-0.0037469967301242066
3878,a9j-fragment01-67,-0.62499988730996847,3.9999998956918721,0.049367805322011203,-0.12148472204928806,0.027281996040739415
3919,aa3-fragment08-220,3.9999998426064849,-4.4999998202547431,0.0072755018870035004,-0.95000978928361768,0.0026587175225501348
3932,aa3-fragment08-227,-1.093750030733645,0.78125002328306437,-0.0011855463186899999,-2.6553563750743887,-0.016656246941001835
3937,aa3-fragment08-229,1.3750000726431608,1.6249999850988388,0.0012409090995788,0.3547362569056558,-0.015963849122625894
3941,aa3-fragment08-229,0.93749997857958078,1.3750000111758709,-0.0038042465845742998,-0.24316161393880487,-0.020495209992707295
3945,aa3-fragment08-231,4.7499999352730811,-3.4999999166466296,0.014147162437438901,0.44158141558549246,0.0074751988004294438
3961,aa3-fragment08-237,-0.3437499512219801,3.3749999651336111,-0.0018197000026702,-0.24122922518727868,-0.022621022257495526
3963,aa3-fragment08-238,1.3749999050050974,2.125000044703484,0.015353282292683901,0.67553171453275529,-0.0028790657873483949
3968,aa3-fragment08-241,-2.0000000298023224,2.5000000074505806,-0.00018215179443349999,-2.458871553908287,-0.019185192099401411
3980,aa3-fragment08-246,2.5937500707805161,-1.0312500260770321,0.015882949034373001,-0.13074030818886895,0.0041372613040739498
3998,ab9-fragment03-796,2.062500114319846,2.249999962747097,0.036895692348480197,1.4432307680208465,0.018406447003050646
3999,ab9-fragment03-796,-1.8124999878928063,3.4374999804422259,-0.0023110111554462002,-1.6698798036583142,-0.023240782158649644
4020,ab9-fragment03-809,-1.6874999807526667,2.5833333171904087,0.0128722654448614,-2.0929055888254577,-0.0063020397675058511
4025,ab9-fragment03-812,-0.1250000586733222,3.3750000139698386,-0.0095831950505573006,-0.022479301305728505,-0.030384517405749836
4039,ab9-fragment03-836,0.21874995809048409,-0.71874996647238731,0.0130273103713989,-2.3052431407474936,0.00063937893402075605
4049,ab9-fragment03-847,1.8750000596046448,-0.5625,-0.0031290650367736001,-0.54874443979955689,-0.015838118197536909
4071,ab9-fragment03-877,5.4374999799765646,-4.3124999948777258,-0.0118194421132405,0.60778858118365342,-0.016821572269560804
4074,ab9-fragment03-883,6.3749998775310814,-4.312499884981662,0.011098861694335899,1.5452885492465152,0.0060967313121594591
4101,ab9-fragment03-904,3.2500000298023224,-1.7500000074505806,-0.0147990385691324,0.064366006437440504,-0.025067566093176195
4125,ab9-fragment03-916,4.0624999813735485,-1.75,-0.020088593165079702,0.8768659627888935,-0.030357120704435782
4135,ab9-fragment03-933,2.8750000894069672,-2.3750000894069672,0.0068629384040831999,-0.71162847031959453,-0.0021211017823638163
4146,ab9-fragment03-937,1.812500115018338,3.2499999571591616,0.031772236029306997,1.8348219391808658,0.011227811224702938
4148,ab9-fragment03-937,9.1874998147832247,-5.624999874853529,0.017631550629933601,3.5157000770604885,0.015326843282181599
4154,ab9-fragment03-940,5.6249999878928074,-2.4375000037252903,0.0227377414703369,1.9982720347609346,0.013882149824714831
4194,ab9-fragment03-956,3.999999862164259,-3.1874999143183231,0.034520606199900203,-0.10792141413991629,0.027206398973524809
4198,ab9-fragment03-958,-0.125,0.062499985098838799,-0.0025107463200886998,-2.1477500251854695,-0.016504286619389144
4210,ab9-fragment03-965,3.1562499877181835,1.7187499920837579,0.068345377842585306,2.196135349029019,0.0509479465306511
4211,ab9-fragment03-965,11.874999797146302,-5.874999882071279,-0.031675537427266399,6.0428022612810466,-0.033466449892519949
4217,ab9-fragment03-966,0.0625000204890966,1.625000037252903,0.040661036968231201,-0.9577637617868211,0.023456278638840547
4229,ab9-fragment03-967,0.18749999476131049,4.7500001178123057,0.0035625894864399002,1.1722086830675233,-0.020064604854323279
4251,ab9-fragment03-974,1.6562499820138328,2.2656250155996531,0.075949798027674306,1.0470055317190465,0.057428440394394223
4288,ab9-fragment03-990,3.1875000298023224,-1.6875000521540642,0.0090864300727843995,0.041965426133998562,-0.0013105460763018877
4320,ab9-fragment03-1012,-0.1250000074505806,0.5000000074505806,0.0070713361104328002,-1.8670538796499399,-0.0078213452532176764
4321,ab9-fragment03-1013,4.2499998766579674,1.4375000558793545,0.0281907121340433,3.1094377611988606,0.011371299917120454
4336,ac2-fragment06-1270,6.5624997760169208,-2.1874999068677425,0.040632963180541902,3.0961696785396704,0.031263576468195511
4350,ac2-fragment06-1283,2.9062500018626451,-0.93750001490116119,-0.045445144176483099,0.24190880263047809,-0.057383505005124825
4356,ac2-fragment06-1294,0.53125000558793545,1.2187499944120646,-0.0030004878838856999,-0.74966021863075705,-0.01937032946527564
4390,ac2-fragment06-1361,4.8124997529666871,-4.8749997827690095,0.057722012201944901,-0.37810654514041087,0.053875920061948648
4403,ac2-fragment06-1385,1.6249999422580004,-4.062499986961484,-0.0057840744654337004,-3.0443136579442456,-0.011299999505687983
4407,ac2-fragment06-1389,2.3749999739229679,-0.99999998882412922,-0.00091000398000079996,-0.32944065695632396,-0.012719916145319338
4446,ac2-fragment06-1434,-1.1874999776482582,1.7499999776482582,-0.0056862235069274,-2.1275649014101532,-0.023147879147652151
4492,ac2-fragment06-1474,1.1250000251457095,1.6249999608844521,-0.1190460920333862,0.10473619387246758,-0.13625085020582597
4517,ac2-fragment06-1495,10.375000050466042,-6.0000001037842594,0.0042687257130941004,4.4626034755958592,0.0027347111373328542
4551,ac2-fragment06-1530,0.062499970197677598,0.81250002980232239,-0.033663094043731599,-1.4790566457714085,-0.049198019037899762
4567,ac2-fragment06-1562,6.781250044121407,-3.8749999734573062,-0.0020983914534248999,2.2322347977170782,-0.0079996626721812007
4573,ac2-fragment06-1578,3.1249999739229679,0.49999998137354851,0.0014058947563171001,1.382946084992815,-0.013486786553740394
4587,acj-fragment01-3,3.6875000344589353,0,0.0058935880661009996,1.6246505704560006,-0.0079715035469078363
4601,acj-fragment01-8,-2.8333334150568894,3.8333334088480719,0.1167090667618646,-2.4367499967645614,0.094965787022801007
4617,acj-fragment01-16,2.8750000167638063,1.2187499944120646,0.0601836442947387,1.5940897925451138,0.043813802713348761
4622,acj-fragment01-17,4.968750064028427,-0.84375002607703209,0.014676700035730799,2.3645580301927978,0.0025456661546832387
4691,acj-fragment01-45,5.9375000959262252,-2.2500000391155481,0.0220258434613545,2.4310704652220312,0.012784905737717251
4706,acj-fragment01-50,2.2499999450519681,0.5625000037252903,0.032474517822265597,0.54804551884041408,0.017453387749355093
4710,acj-fragment01-51,2.7500000102445483,1.1249999701976776,0.034383734067281103,1.408940597923241,0.018206565611030331
4713,acj-fragment01-52,5.3124999236315489,-2.4374999599531293,-0.018140415350596101,1.6857719985835082,-0.026996007086177817
4743,acj-fragment01-64,4.6875000223517418,0,-0.0088869531949359992,2.6246505583488071,-0.022752044807944835
4751,acj-fragment01-67,1.1250000149011612,3.0000000093132257,0.032846828301747601,0.9869240790136018,0.012816198257622258
4759,acj-fragment01-69,0.31249994621612132,3.437500033294782,0.0092018942038216995,0.45512016436034708,-0.011727876908003232
4766,acj-fragment01-70,6.937500023865141,-4.3437500285217538,0.0063215593496958001,2.0877388792975591,0.0013836536209780948
4775,acj-fragment01-73,4.9375000277068466,0,0.0628608862559,2.8746505637039119,0.048995794642891166
4812,acj-fragment01-95,2.4374999897554521,0.2812499925494194,0.012539565563201901,0.55509803867292429,-0.0019035452606174195
4815,acj-fragment01-98,1.3124998991843313,3.5624998956918721,0.017276585102081299,1.5353189257995816,-0.0039100831607772994
4823,acj-fragment01-101,-2.2499999478459358,4.4374999050050974,0.022275447845458901,-1.4657886379645424,-0.00070950247336642319
4842,acj-fragment01-107,4.7500001024454832,-1.062500037252903,0.072405815124511705,2.005459992116799,0.06072435177563916
4868,acj-fragment01-115,1.5624998826533556,2.5625000279396768,0.0395983060201009,1.1437278200709329,0.020466816956108046
4876,acj-fragment01-118,-0.24999995529651639,1.2499999552965164,-0.0280434290568033,-1.5108604804224401,-0.04447749491626185
4888,acj-fragment01-124,2.6874999513383955,-0.78125,0.0043660004933674997,0.12340738261147877,-0.007893482158189212
4890,acj-fragment01-124,3.2500001513399184,0.5000000074505806,-0.0031828085581461002,1.5079462791405591,-0.018075489921796577
4891,acj-fragment01-126,1.84374996367842,-0.15624997764825821,0.0212330520153046,-0.31934810692863103,0.0076890821486493479
4914,acj-fragment01-134,1.999999882653356,1.1875000223517418,0.047994256019592202,0.69903995217155468,0.0316886387392393
4919,acj-fragment01-135,2.9375000149011612,-2.0000000298023224,0.028862814108530602,-0.40853181631607516,0.019108081498088323
4939,acj-fragment01-138,0.062499992549419403,0.5000000074505806,0.062043110529581703,-1.6795538796499399,0.047150429165931228
4941,acj-fragment01-138,0.37500008102506399,2.8749999552965164,-0.0042577783266701998,0.15672521372502346,-0.024031510825949169
4948,acj-fragment01-139,2.1562499878928065,-2.3437499953433871,-0.0080033342043558994,-1.410328787294433,-0.017051598942578537
4958,acj-fragment01-142,2.6250000856816769,-0.43750002980232239,0.0630576213200887,0.28145446391240503,0.050091670786742176
4962,acj-fragment01-142,4.8124999180436134,-2.8124999478459358,-0.021743357181548999,0.94517531049593018,-0.029828256640516151
4972,acj-fragment01-145,2.1249999753199522,1.2187499888241291,0.062494367361068802,0.84408974751608978,0.046124525791163072
4982,acj-fragment01-149,0.18750005960464469,0.3125,0.016315440336863201,-1.674852162508697,0.0018081051392735154
5015,ahb-fragment51-719,-3.124999962747097,2.8749999925494194,-0.0064908464749654001,-3.3432748061460038,-0.026264579050805772
5046,ahb-fragment51-738,1.6249998179264369,3.250000037252903,0.0232569376627603,1.6473216934764021,0.0027125126935492287
5099,ahc-fragment60-1218,2.3749998984858398,-3.6249999208375812,0.0087843934694926008,-2.0136175206464633,0.0023693272749286415
5158,ahc-fragment60-1243,4.343750033294782,-6.8125000277068466,-0.0064497689406077001,-2.089939321677746,-0.0063139503528114741
5198,ahc-fragment61-1264,1.0625001573935151,2.8749999906867743,-0.0091335574785868998,0.84422531279955182,-0.028907290050599201
5203,ahc-fragment61-1265,3.187500043772161,-0.7187500037252903,-0.010906572143236801,0.66350692103304931,-0.023294503504053543
5253,ahc-fragment61-1293,2.0937499930150807,0.87499999534338713,0.00062336524327579997,0.59229280331536449,-0.015040008396989241
5272,ahd-fragment06-53,-0.87499999976716936,4.999999932711944,0.020217657089233398,0.27010636329195981,-0.0039233317387799976
5305,ahe-fragment03-43,0.93749986845068645,3.6875000270083542,0.057643731435139997,1.2405178760732696,0.03620016546857012
5308,ahe-fragment03-44,6.28125003707828,-0.87500000558793545,0.0267898937066397,3.6570082921993152,0.014723084141941453
5329,ahf-fragment24-552,-0.25000001862645149,3.6249999552965169,0.0136198997497558,0.01291849460853145,-0.0076952173525172106
5398,ahf-fragment24-597,1.812500050291419,-0.3750000074505806,0.0002480546633403,-0.49094610875925371,-0.012846344632859236
5399,ahf-fragment24-597,5.2187498845014488,-7.5312499552819645,0.0091744661331175995,-1.6760830803499775,0.010787444816603648
5408,ahf-fragment63-1160,0.1874998584389686,2.5625000912696123,0.032372752825419099,-0.23127216351152652,0.013241263631271864
5423,ahf-fragment63-1173,2.0937499701976776,0.50000001490116119,0.00091959039370209997,0.35169610277854502,-0.013973090985260655
5460,ahf-fragment63-1189,1.9374999981373549,-1.6250000204890966,0.0079780618349710002,-1.1679351368370865,-0.0025473630961086475
5485,ahf-fragment63-1202,3.4999999813735485,-1.5624999701976776,-0.0033583442370097001,0.4346643270435564,-0.014012217988363409
5487,ahf-fragment63-1203,1.5937499662395569,2.8437500218860805,0.054589529832204102,1.3554254174738338,0.034880021554529711
5523,ahf-fragment63-1217,0.56249987985938787,3.0000000316649675,-0.013797382513682101,0.4244239583125089,-0.033828012603744281
5532,ahf-fragment63-1225,2.031250013038516,-0.65624998509883881,-0.0080094337463376998,-0.45264364937210999,-0.020525813862351312
5580,ahl-fragment02-27,4.3124998842831701,-3.2812499233987182,-0.042254507541656598,0.14442942958621607,-0.049376041673995896
5653,al0-fragment06-182,-0.6874999925494194,0.87499997764825821,0.0028414328893025999,-2.1889571936021741,-0.012821940714595774
5666,al0-fragment06-187,3.8750000083819032,-0.8124999925494194,0.055400192737579297,1.2908577202462537,0.043204934429168389
5674,al0-fragment06-194,-2.6250000186264515,2.3750000335276127,0.0077570676803588,-3.1640704227574599,-0.010989075244369755
5677,al0-fragment06-198,3.8125000279396768,-1.0625,0.010844866434732999,1.0679599415121261,-0.00083659699070094858
5683,al0-fragment06-200,1.25,-0.1875,0.040494720141092899,-0.93314780913669049,0.027014974678832571
5687,al2-fragment16-174,1.8749999835854401,-1.5156249910360202,0.066775545477867099,-1.1602610978308099,0.056025335231652797
5697,al2-fragment16-178,-0.1374999319203197,2.9499999483115973,0.019138288497924798,-0.30765546564832025,-0.00078958244729831345
5701,al2-fragment16-178,0.65624999441206455,-0.4687499795109033,4.2150417963737752e-05,-1.7073453192796357,-0.012859575860282595
5706,al2-fragment16-179,0.56249995529651642,1.6875,0.021774470806121798,-0.41766440250261661,0.0044412638363763753
5729,al2-fragment16-183,1.1562499678693712,2.1562500228174031,0.010264734427134201,0.47683148754407201,-0.0080318379663763539
5747,al2-fragment16-185,1.1874999608844521,1.0208333681027095,-0.010733180575900499,-0.22039182397142087,-0.026696267969997418
5761,al2-fragment23-254,1.0312500409781933,-1.2500000260770321,-0.0057059228420258002,-1.8335884073139068,-0.017002040063118257
5775,al2-fragment23-257,3.1875000423751771,-0.25000002048909659,-0.0282744765281677,0.9642527717149445,-0.041625773231403082
5780,al2-fragment23-257,0.87499997392296791,1.5624999478459358,0.0205885569254558,-0.18536331409358953,0.0035122474967286786
5813,al2-fragment23-266,1.8750000670552252,-0.25,0.0027305881182352002,-0.34824719045938379,-0.010620708627108956
5842,al5-fragment03-21,8.8749998644925654,-4.3749998630955815,0.022890607515970898,4.0051891018719967,0.018016925805730805
5846,al5-fragment03-24,2.6250000456348062,-2.6250000456348062,0.0037431120872496999,-1.1220262795195977,-0.0047271333214922821
5881,al5-fragment03-39,1.125000013737008,2.1875000521540642,0.020588119824727399,0.46563127642281099,0.002227323012466656
5898,al5-fragment03-43,2.6249999388237484,-5.0937499788706191,0.0050936639308929001,-2.7059545544231263,0.0016971427031272418
5908,al5-fragment03-46,-0.81249996740370989,4.875000037252903,0.0289507508277893,0.25240756597213831,0.0050666592187578116
5924,alp-fragment01-6,-0.87499994039535522,2.4374999850988388,-0.0092676281929015992,-1.3739709272199188,-0.028142219735016502
5947,alp-fragment01-15,4.0000000316649684,1.0625000447034836,0.1025224725405374,2.6188412187680101,0.086473752648079993
5954,alp-fragment01-17,2.4999999776482582,-0.125,0.0090663035710653005,0.35695161688948618,-0.0045418906081111949
5957,alp-fragment01-18,-0.375,0.56249998509883881,-0.0076460838317870998,-2.076954438162121,-0.022667213866416906
5977,alp-fragment01-22,2.4375001084990799,2.0625000037252903,0.0046040515104929002,1.6979324433575718,-0.013499847768405685
5980,alp-fragment01-25,0.5625,0,-0.063855985800425105,-1.5003494640029347,-0.077721077413433939
6003,alp-fragment01-32,2.6562500223517418,-2.0625000353902578,0.027928700049718098,-0.7298812608285834,0.018302416167676201
6013,alp-fragment01-36,3.6875000391155481,-2.8750000242143869,-0.018493036429087201,-0.219924065807378,-0.026449487014187312
6023,alp-fragment01-40,3.4062499811407179,0.3749999925494194,-0.0003313620885212,1.5839972026250679,-0.014967145987714776
6032,alp-fragment01-45,-0.25000001583248371,1.6562500139698386,-0.0014870166778564,-1.250214088857651,-0.018755999317854263
6037,alp-fragment01-47,5.6875000353902578,-3.0312500400468707,0.0199660062789918,1.6798272993645531,0.01233067751872071
6050,alp-fragment01-56,3.2812499747378752,-3.9062500054715201,0.041719262798627199,-1.2878150163954505,0.035882216004123939
6052,alp-fragment01-57,-0.62499996274709702,3.4374999888241291,0.029996891816457,-0.48237977313484981,0.0090671207960272386
6059,alp-fragment01-58,0.78125,1.4687499571591616,0.0071400056282678002,-0.33926245460815174,-0.0097436307442254171
6063,alp-fragment01-60,0.43749997019767761,0.50000002980232239,0.0020331144332885001,-1.3045538876610014,-0.012859566976298817
6089,alp-fragment01-67,-1.3124999850988388,0.0625,0.019641776879628401,-3.335250000723855,0.0056482365497033948
6114,alp-fragment01-83,2.2500000703148544,0.9687500074505806,0.0027391115824381999,0.80869206094988444,-0.013116935158083549
6142,alp-fragment01-93,0.68749988544732332,3.6250000526197255,7.7486038208007812e-05,0.95041846112401762,-0.021237631264081663
6159,alp-fragment01-100,0.93750001676380645,1.624999969266355,0.030757854382197101,-0.082763809131680355,0.013553096192531006
6163,amm-fragment02-1594,-0.37500012805685401,3.7500000186264519,0.070110360781351605,-0.031882677434106554,0.048538346115091877
6180,amm-fragment02-1598,2.6250000111758709,-0.28125,0.040532211462656703,0.38170302947230272,0.027245139075770631
6195,amm-fragment02-1606,0.31249996181577439,3.1250000838190322,-0.0040511886278787003,0.25462297048632004,-0.024338716258959187
6210,amm-fragment02-1615,2.9375000018626451,-0.12500001490116119,-0.00017654895782470001,0.7944516315434198,-0.013784743106376635
6214,amm-fragment02-1616,-0.68749998835846782,3.1874999892897904,0.054365396499633699,-0.70527759195913076,0.033949420345911599
6293,amm-fragment02-1669,1.1250001312000677,-5.6250000457512215,-0.017946332693099899,-4.5467997161691187,-0.020251039689626472
6332,amm-fragment02-1741,-1.4374999850988388,0.34375001490116119,-0.0286224484443664,-3.2798024734627678,-0.043194008031038733
6337,amm-fragment02-1743,3.1875000917352736,-4.1875000991858542,0.0059196949005125999,-1.5620124772249753,0.00066066752473187967
6351,amm-fragment02-1753,1.8124998295679688,2.1875,0.017526467641194698,1.1531310587921846,-0.00083432906388008349
6357,amm-fragment02-1758,-0.1875000017462298,5.5625000058207661,0.0043047732777067001,1.3185014436201414,-0.020992254152803976
6373,amm-fragment02-1769,1.0624999012798071,2.1875000633299351,-0.0078521569569903991,0.40313117113595021,-0.026212953792219565
6392,amm-fragment02-1779,1.9999999003484843,1.5000000521540642,-0.0019559264183044,0.89953723087718296,-0.018903787344487277
6396,amm-fragment02-1781,0.31250002235174179,-1.3125000074505806,0.0182852347691853,-2.59243786236771,0.007117566226728312
6405,amm-fragment02-1786,3.6874999962747097,-2.156250037252903,0.011312494675318399,0.24121953933244988,0.0018788838724788266
6420,amm-fragment02-1789,1.6249999925494194,-1.3750000223517418,0.011670033137003599,-1.3200373501084042,0.00063081334208734199
6424,as6-fragment01-4,1.5624999040737748,1.6249999962747097,0.0098960796991983003,0.54223609550660989,-0.0073086785459748112
6430,as6-fragment01-5,0.124999925494194,0.87500002980232239,-0.00043869018554679997,-1.3764572420969734,-0.016102063896631134
6449,as6-fragment01-11,1.2499999472638592,4.6875000586733222,0.027870575586954799,2.194609149249104,0.0043718300846490137
6459,as6-fragment01-14,0.062499979510903303,4.4999999371357262,0.015907645225524899,0.88681075838494339,-0.0072057538762508068
6461,as6-fragment01-14,1.250000055025642,4.3541666781529784,0.032228880458407903,1.9807455020538847,0.0094151948766327993
6473,as6-fragment01-17,-2.124999931082129,2.8749999590218067,0.0185819367567698,-2.3432747959920563,-0.0011917957501653108
6481,as6-fragment01-19,1.7500001001171768,2.999999925494194,0.0268223285675048,1.6119241104520665,0.0067916986956426117
6489,as6-fragment01-21,2.687499996740371,2.625000074505806,0.036417464415232297,2.3088274124122843,0.017157526538621522
6491,as6-fragment01-21,-0.25000004307366908,5.062500003608875,0.016129275163014701,0.9352058138502235,-0.0081401625276207833
6520,as6-fragment01-29,2.124999918043613,-0.56249997019767761,0.012971599896748801,-0.29874456223968204,0.00026254667473637333
6551,as6-fragment01-38,-0.3125000037252903,-0.3749999925494194,0.023694554964701402,-2.6159461532155097,0.010600155637877305
6559,as6-fragment01-40,8.3749998003477231,-2.6250000074505806,0.013463358084360701,4.627973499691981,0.0049931125971432802
6561,as6-fragment01-40,10.562499946099706,-5.0625000882428139,0.0483062863349914,5.251595106869555,0.044845540973547149
6576,as6-fragment01-47,5.843750003259629,-1.2343750323634597,0.0089237342278162008,2.9889364130286924,-0.0024044951595855613
6590,as6-fragment01-51,-1.5624999780411599,4.468749966865289,0.048683126767476298,-0.75823890428185425,0.025633951963059093
6594,as6-fragment01-53,-5.0989910960197455e-08,5.1875000498257577,-0.0016096035639445001,1.2654047323421631,-0.026135938783396314
6602,as6-fragment01-62,0.37500002840533853,-0.85937502281740308,0.047022690375645902,-2.2392168654334208,0.034923768667128263
6603,as6-fragment01-62,5.437500037602149,-2.0624999743886292,0.00088701645533250002,2.0513687935599307,-0.008739267552078692
6607,as6-fragment01-63,-2.2499999816063792,3.0624999406281859,-0.0045749743779499004,-2.3479765131837356,-0.024734052997831327
6611,as6-fragment01-68,4.0937499241554178,0.2500000037252903,0.037320852279663003,2.1912982560542709,0.022941965791333348
6633,as6-fragment01-71,-1.4375000782310965,2.5000000782310963,0.016596138477325401,-1.8963715569249071,-0.0024069019731091726
6653,as6-fragment01-76,2.9375000342261046,-1.4062499997671694,5.93314568202441e-05,-0.027587018130616148,-0.010915664026053278
6663,as6-fragment01-77,2.2187500190921128,1.4062499888241291,0.0190996676683425,1.0581381364220062,0.0023444799476882612
6665,as6-fragment01-78,1.0000000074505806,1.3124999552965164,-0.0039459665616351997,-0.22076106929742423,-0.020508481138009921
6667,as6-fragment01-79,0.62499992176890373,1.1875000223517418,0.099854667981465695,-0.67596000871289763,0.083549050701112793
6675,as6-fragment01-81,1.3124999701976776,-0.18749997019767761,0.13840432961781809,-0.87064781981810579,0.12492458409430865
6689,as6-fragment01-84,3.4999999857973307,-0.1562499925494194,0.0187697907288869,1.3369019056298264,0.0052258208928562082
6700,as6-fragment01-85,2.3437500427826308,1.093750030733645,0.0139297544956208,0.98264094511170663,-0.0021831897265841664
6745,as6-fragment01-98,-2.9062500246800478,3.2187499986030161,0.00021843115488689999,-2.9039778981164681,-0.020261769376433633
6760,as6-fragment01-103,-0.18750016484409571,4.5625002207234502,-0.0086426933606465993,0.6769102443552435,-0.031884541762162141
6770,as6-fragment01-104,0.34375000558793539,0.09375,-0.0513698607683181,-1.6589502858481215,-0.065427625456701194
6797,as6-fragment01-110,1.3124999776482582,0,0.041602810223897203,-0.75034948635467646,0.027737718610888369
6829,as6-fragment01-116,0.21875006472691891,2.4062499734573062,0.0028431415557860999,-0.30027065375570849,-0.015967225603945277
6871,as6-fragment02-356,-0.43750001778244041,4.2187499916472007,0.0278111100196838,0.20636327836504664,0.0052757300319999957
6879,as6-fragment02-358,-0.31249994412064552,-0.75000005587935448,-0.0020185510317483999,-2.8565428245103037,-0.014342257926921094
6880,as6-fragment02-358,0.56250001490116119,-1.0000000149011612,0.0028107364972432001,-2.1419406327089243,-0.0089991756144823555
6883,as6-fragment02-359,0.37499996460974211,2.374999999068677,0.020800769329071,-0.16407046162981503,0.0020546264751617437
6908,as6-fragment02-364,4.3750000242143869,-0.3125,-0.0048228899637857,2.1116533183218595,-0.018045737992213685
6922,as6-fragment02-368,5.8750001266598701,-3.5625000409781933,-0.00049614906311029995,1.5264820788243298,-0.0070396637276799092
6947,as6-fragment02-378,7.1250000576255843,-2.0312500484287739,0.0102022687594096,3.7589184902688215,0.00051176054570610703
6979,as6-fragment02-386,5.7499998044222593,-2.1249999292194843,-0.0161647995313009,2.3237691409822467,-0.025662634914626621
6980,as6-fragment02-386,3.3437500162981451,0.031249988824129101,0.0914956132570902,1.3009502693138297,0.0775662973085917
6991,as6-fragment02-388,3.5416667473812899,-1.1875000186264515,0.010836124420166,0.71692775224733518,-0.00058844153315490595
7028,as6-fragment02-400,9.3125002523884177,-4.5000001236330718,0.032809754212697301,4.3624904258534576,0.028192970471740849
7032,as6-fragment02-401,2.7500000363215804,-0.43749997019767761,0.0096499522527058006,0.40645445279412273,-0.0033159984031389672
7043,as6-fragment02-404,-0.56250001303851604,0.37500000558793539,0.0039165914058684999,-2.3847527831887692,-0.010719192520121566
7047,as6-fragment02-405,2.0625000046566129,1.4901161193847656e-08,-0.0096584558486938008,-0.00034944978586848308,-0.023523547492327199
7049,as6-fragment02-406,1.6875000419095161,4.6249999264255166,0.0220584273338317,2.592009710667817,-0.0013118691797649427
7055,as6-fragment02-408,1.187499925494194,-0.31249996833503241,0.035810997088750303,-1.0758467600823698,0.022588148995245125
7065,as6-fragment02-411,3.9062499849824239,0.68750000302679837,-0.023505265514055899,2.2844944550785606,-0.038783293019363216
7069,as6-fragment02-414,2.062499918043613,2.9802322387695312e-08,-0.049822429815928097,-0.00034952683841460441,-0.063687521490186055
7079,as6-fragment02-418,3.7500000172294681,0.56249998509883881,0.018083294232686301,2.0480455790673471,0.0030621641980564957
7080,as6-fragment02-418,4.5625000102445483,-0.9375,-0.00079192717870080003,1.898158820572835,-0.012730288037967087
7102,as6-fragment02-422,4.6562500126892701,-0.9687499925494194,0.013874093691507799,1.971859103608824,0.0019999571753873159
7131,as6-fragment02-426,6.7500001752050593,-6.1250001603038982,0.0092006127039590997,0.75740466731653733,0.0079234956781881957
7139,as6-fragment02-427,1.4374999776482582,0,0.0143272876739501,-0.62534948635467646,0.00046219606094126398
7147,as6-fragment02-429,2.9375001089647408,1.0625000447034836,0.023525814215342101,1.5563412960677825,0.0074770943228846948
7165,as6-fragment02-435,2.4375000833533704,0.5625,0.013724585374196199,0.73554565475170297,-0.0012965446910581657
7174,as6-fragment02-438,1.3750001323642209,3.4999999455176294,0.033758580684661803,1.5577197425693186,0.012700361036318501
7178,as6-fragment02-438,-0.75000004330649972,3.8125000190921128,0.039846042792002302,-0.36678314400706968,0.018145579407869386
7193,as6-fragment02-441,0.12500000931322569,-1.937500013038516,-0.037273327509562103,-3.1809323627705819,-0.047156508871373182
7196,as6-fragment02-441,1.8125001806765797,2.6874999273568392,0.042697191238403299,1.4739269503169332,0.023308804947293892
7201,b17-fragment02-175,2.4062499874271448,1.3125000093132255,0.098813136418660394,1.1854889453357838,0.082250621731271636
7243,b17-fragment02-201,1.7499998785788191,3.9375000039581209,0.077646831671396896,2.2134156649242502,0.055689470884534707
7247,b17-fragment02-202,3.2500000586733222,1.0625000447034836,0.021373550097147601,1.8688412457763639,0.0053248302046901945
7255,b17-fragment02-205,1.2812500176660251,3.6875000268919393,0.020622501770655201,1.5842680252139179,-0.00082106419567542013
7259,b17-fragment02-205,3.3125000568106771,-3.6875000270083542,-0.0087182323137918998,-1.1162168788177755,-0.015004849573239696
7274,b17-fragment02-210,0.49999984551686788,3.6875000984873618,0.062403718630472699,0.80301789899975162,0.040960152517000636
7280,b17-fragment02-212,2.312500087544322,0.25,0.01139497756958,0.41004841705306161,-0.0029839089110935153
7282,b17-fragment02-213,-1.9999999795109036,4.9375000167638063,0.0037023027737935,-0.89499301090276018,-0.02031023751004539
7301,b17-fragment02-223,1.6874999739229679,-0.1875,-0.0135007103284199,-0.49564783521372258,-0.026980455790680227
7325,b17-fragment02-231,1.4375000668611999,2.6666666427627206,0.0092478328280977996,1.0855603849795639,-0.010097737324207386
7333,b17-fragment02-235,0.124999875202775,4.0624999981373549,0.036946912606557102,0.66861455456949148,0.014732654397825291
7350,b17-fragment02-246,-0.8125,-0.0625,-0.0214258631070454,-2.9154489123808531,-0.035162506003138069
7361,b1g-fragment02-742,1.3750000391155479,1.4062499888241291,-0.0046428839365641999,0.21438815644544129,-0.021398071657218437
7364,b1g-fragment02-742,3.6875000521540642,-0.93749998509883881,-0.0071639815966288,1.0231588720428042,-0.019102342486519645
7389,b1g-fragment02-748,2.3749999776482582,0.5000000074505806,-0.0543264150619506,0.63294610544889895,-0.069219096425601076
7436,b1g-fragment02-757,1.0312499655410647,1.3125000093132255,-0.010398089885711601,-0.18951107655029631,-0.026960604573100354
7465,b1g-fragment02-763,-2.2500000167638063,4.5624999422580004,-0.0055741071701048998,-1.385589786225442,-0.028815954999323965
7476,b1g-fragment02-1485,2.562499918043613,-0.74999998509883881,-0.0071066816647845999,0.018457083066108826,-0.019430388705423959
7491,b1g-fragment02-1493,-6.5192580223083496e-08,2.8124999515712261,0.0041605631510416999,-0.25837438326065265,-0.01548472062366496
7506,b1g-fragment02-1498,2.6250000305008143,-4.3750000677537173,0.1234179337819416,-2.2448108634266077,0.11854425249231071
7508,b1g-fragment02-1498,0.062500001862645094,2.6249999646097422,-0.0062107443809509,-0.31617265297378633,-0.025470682031705542
7536,b1g-fragment02-1508,4.0625000456348062,-0.50000003725290298,0.0027316013971964001,1.678854970707389,-0.010105900403921675
7550,b1g-fragment02-1511,2.2500000856816769,0.99999996274709702,0.0020883679389953002,0.82874177182430575,-0.013831903068110852
7554,b1g-fragment02-1512,-2.0000000027939682,3.6875000027939682,0.014951229095458899,-1.6969820107071212,-0.0064923368213460671
7558,b1g-fragment02-1513,3.6249997999984771,-4.3124998298008004,0.059718608856201102,-1.2047114928825353,0.05471647836061809
7567,b1g-fragment02-1517,3.0625000111758709,-0.68749998509883881,-0.0131211678187052,0.55855662457628519,-0.025573323576260729
7572,b1g-fragment02-1521,0.1250000447034835,0.1249999701976776,-0.0032527049382526001,-1.857650541664521,-0.017374693923844654
7600,b1g-fragment02-1535,2.7500000861473382,1.0625000521540642,-0.031296590963999303,1.3688412780306067,-0.047345310871768992
7608,b1g-fragment02-1537,1.2499999478459358,-0.125,-0.0090185006459554008,-0.89304841291283621,-0.022626694825131896
7631,b1g-fragment02-1548,-0.12499998183920979,-0.85937502281740308,0.082578370968500805,-2.7392168756779691,0.07047944925998316
7682,b1g-fragment02-1569,0.062499916180968201,1.3125000465661287,0.011966327826182,-1.158261102009259,-0.0045961869377681569
7689,b1g-fragment02-1570,-1.1874999739229679,2.3749999441206451,-0.016339838504791201,-1.7265704354166975,-0.035085981245772391
7703,b1g-fragment02-1577,0.93750002235174179,0.62500002980232239,0.011060098807016999,-0.72435493875110013,-0.0040894800364026564
7737,bmw-fragment09-2549,1.6250000074505806,-0.7499999925494194,-0.0090559124946593995,-0.91904283230715045,-0.021379619519986477
7747,bmw-fragment09-2553,-1.5625000540167091,2.0000000391155481,0.00062197446823119998,-2.3421671448300589,-0.017353476166484541
7815,bmw-fragment09-2611,1.33750003259629,0.53749997913837433,-0.0107905507087707,-0.38049418874117968,-0.025760301244384214
7820,bmw-fragment09-2614,1.999999986961484,-2.249999986961484,0.056681970755259201,-1.5064296102811228,0.047441032924435994
7839,bmw-fragment09-2623,8.468750030559022,-5.1874999760766514,0.021348098913828599,3.077646366537854,0.01814425075569509
7865,bmw-fragment09-2635,0.18749998292575279,2.0416666812573872,0.0139735009935165,-0.56543415803723074,-0.0040875820687404345
7872,bmw-fragment09-2641,1.9374999981373549,2.0625000223517418,-0.011297643184661799,1.1979323449464137,-0.029401542501841082
7874,bmw-fragment09-2641,3.0000000153668225,0.2499999981373548,0.0573991537094116,1.0975483436805054,0.043020267232566155
7902,bmw-fragment09-2681,3.6562500088475649,-0.87499999441206455,0.0083199540774028004,1.03200827113894,-0.0037468555102638662
7935,bmw-fragment09-2724,-1.0624998831190169,3.4999999296851456,0.0068741639455158999,-0.87978028307190081,-0.014184055670288805
7957,bmw-fragment09-2760,4.5000000093132257,-1.4375000447034836,-0.055402278900146401,1.5148632039368031,-0.066313049932209642
7985,bmw-fragment09-2783,8.0625001161824912,-3.0625000894069672,0.015443265438079799,4.0347776242988251,0.007872161137710651
7996,bmw-fragment09-2790,3.3750000298023224,-0.62499998509883881,-0.0098174214363098006,0.91115609158065558,-0.022398025910781497
7998,bmw-fragment09-2793,1.6875000651925802,-2.5000000204890966,0.0060019493103026997,-1.9793273470727213,-0.0027251935839505692
8060,bpa-fragment14-2037,-0.21874997718259689,1.9375000060535967,0.0198978980382283,-1.0385165375861214,0.0020508961883769702
8144,bpa-fragment14-2136,-0.62499997857958078,1.6562500083819032,0.0066833794116973001,-1.6252140551899179,-0.010585603216816352
8162,bpa-fragment14-2154,6.8437499266583472,-2.749999969266355,0.0569246311982472,3.0165247537454301,0.048711283066386682
8216,bpa-fragment14-2241,-1.3749999031424522,-1.4375000149011612,0.043124377727508503,-4.3601366893979678,0.032213606634196132
8237,bpa-fragment14-2278,1.8125000717118385,0.3749999689559142,0.041877143912845201,-0.0097527219411961408,0.027241360062140514
8306,c8t-fragment01-10,5.1874999888241291,-2.4375000055879354,-0.00052404403686520001,1.5607720344971998,-0.009379635678659199
8311,c8t-fragment01-11,1.0624999739229679,-3.500000050291419,-0.020234266916910701,-3.2459186315099373,-0.026906230279256128
8316,c8t-fragment01-13,3.7812500162981451,-0.031249977648258199,0.0291390021642049,1.6983508424469314,0.015338134863717309
8333,c8t-fragment01-23,2.2351741790771484e-08,0.87499996274709702,-0.0059580206871032004,-1.5014571882614665,-0.021621394260377014
8368,c8t-fragment01-48,3.4687499069841579,0.50000004004687071,-0.0110109547773997,1.7266960556982907,-0.025903636208041401
8423,c8t-fragment01-115,1.7968749998835849,0.42187498603016138,0.0058871557315189,0.0046968034686754034,-0.0088449646919635562
8442,c8t-fragment01-127,2.1875001050066203,1.9374999785795808,-0.0059138536453247001,1.3677335269760098,-0.023760855438711998
8454,cb5-fragment02-3185,1.4375000726431608,1.4374998509883881,0.049738367398579897,0.29693782572781835,0.032918955602744757
8467,cb5-fragment02-3203,0.4999998714774847,4.187500013038516,0.10703063011169429,1.1238134571604919,0.084559474438505589
8540,cb5-fragment02-3329,2.1718749137071427,2.8593750315485522,0.037996098399162098,1.9435752332352558,0.018254477922400553
8555,cb5-fragment02-3354,-3.3437499473220669,3.9843749510473572,0.010544881224632201,-2.8502596086402754,-0.011508815991176001
8591,cb5-fragment02-3415,4.624999962747097,-1.2499999664723871,-0.00078825155893949995,1.7601615526968111,-0.012084368902530198
8609,ccw-fragment03-1568,4.3750000409781933,-2.1249999962747097,-0.0056432882944742,0.94876933451614054,-0.015141123539989398
8679,ccw-fragment03-1639,-0.99999996274709702,1.687499962747097,0.014245649178822799,-1.9801643444473638,-0.0030875577143612241
8684,ccw-fragment03-1640,3.1249999576248229,-3.937499972525984,0.0040607452392578004,-1.4641147365598961,-0.0017120772644963651
8719,ccw-fragment04-1995,5.6250000544823706,-1.8437499944120648,0.020255684852600001,2.3792168669160079,0.010179830377133967
8747,ccw-fragment04-2036,2.000000013038516,-1.4062500018626451,-0.0049256086349487001,-0.9650870406626435,-0.015900604113515644
8763,ccw-fragment04-2051,1.4374999371357262,2.0208333685683706,-0.0082504947980244995,0.67119932662531467,-0.026268761663737157
8769,ccw-fragment04-2053,3.8124999292194839,0.125,0.0049390196800230997,1.8298493619723863,-0.0091829693668180768
8805,ccw-fragment04-2095,2.3750000186264515,-2.0625000335276127,-0.048642257849375301,-1.0111312633588168,-0.058268541735245268
8875,cdb-fragment02-376,1.7500000447034836,0.0625,-0.0184914867083232,-0.27274997092153264,-0.03248502703824821
8879,cdb-fragment02-387,1.0833333283662796,-0.27083332339922589,0.060590055253770703,-1.1532804055673331,0.047281574726982231
8913,cdb-fragment02-411,4.0624999592546374,-1.4374999813735485,-0.044321705897649,1.0773631945101423,-0.055232477059866628
8963,cdb-fragment02-457,1.6875000284053383,-3.6250000880099833,0.021386384963989199,-2.7011174979833026,0.014971319112994527
8968,cdb-fragment02-458,6.3437499838182703,-3.4374999648425728,0.0083171029885611009,2.0754308815865086,0.0015166907336867869
9024,cdb-fragment02-511,3.5937500293366611,-2.1875000125728548,0.018030693133672001,0.12741986403994332,0.008661306638568584
9072,cdb-fragment04-880,6.7916666748933494,-2.3541666533177099,-0.005782081021203,3.2184046638867212,-0.014808937657803938
9120,cdb-fragment04-922,1.5312499603605829,3.468749966705218,0.028228998184204102,1.693919859970491,0.007235002850774587
9164,cdb-fragment04-964,1.7499999552965164,-1.4374999552965164,0.024896840254465799,-1.235136792717185,0.013986069038655189
9168,cdb-fragment04-968,1.6250000149011612,-1.6874999850988388,0.0048563480377196997,-1.5205345457451216,-0.0055406282491771092
9172,cdb-fragment04-971,5.0624999022111297,-2.4374999469146128,0.012316097815831401,1.4357719855284863,0.0034605060534531919
9211,clp-fragment01-757,2.6874999734573062,1.4374999962747097,-0.013120830059051399,1.5469378197563854,-0.029940242153476002
9231,clp-fragment01-766,0.2083333265036344,2.5208333100502691,0.0071676770846046999,-0.23717173452812595,-0.011878179396172115
9249,clp-fragment01-772,-0.31249997392296791,2.8124999841675158,0.065288106600443402,-0.57087427107754851,0.045642822758745517
9274,clp-fragment01-782,-0.2499999045394361,4.6249999264255166,0.042285462220509801,0.65450976421886509,0.018915165706913158
9306,clp-fragment01-790,-0.91666661947965622,-1.2291666883975267,-0.016732977496253201,-3.7681385821906508,-0.028071910965249879
9312,clp-fragment01-792,3.6875000228174031,-3.1250000451691449,0.020789295434951699,-0.38032188906158559,0.013346639760582058
9319,clp-fragment01-796,0.4375000968575477,1.6874999552965164,0.0056955019632973997,-0.54266428962294566,-0.011637704914574342
9328,clp-fragment01-800,2.2500000819563866,-2.5000000670552254,0.087950229644775293,-1.4168273601853318,0.079223086846223784
9364,clp-fragment01-812,1.7499999564606696,-3.0312499713618308,-0.0110724965731301,-2.2576727354973194,-0.018707825474561273
9371,clp-fragment01-815,-2.5000000074505806,2.5000000074505806,0.090136885643005302,-2.9588715315565453,0.071133845338037391
9385,clp-fragment01-822,1.8125000037252903,0.81250003725290298,-0.0084314743677774001,0.27094339253643085,-0.023966399377257846
9392,clp-fragment01-826,0.49999995296820998,4.1875000139698386,0.109893798828125,1.1238135392487454,0.087422643153022256
9400,clp-fragment01-831,1.3124998555867933,4.6249999264255166,0.012084086736043199,2.2170095243450945,-0.011286209777553444
9409,clp-fragment01-838,0.1874999795109033,1.9375000093132255,0.057511776685714701,-0.63226657880127202,0.039664774829164251
9413,clp-fragment01-840,1.1874999129213393,3.6250000526197255,0.077238579591115297,1.4504184885980336,0.055923462288825623
9441,clp-fragment01-852,1.3749999334104359,-2.9374999445863068,0.0175217191378274,-2.5725235688017358,0.009693717105993465
9459,clp-fragment01-859,-1.5625000149011612,2.0625,-0.0135430494944254,-2.3020676824327824,-0.031646948765667843
9467,clp-fragment01-863,-0.052083354501519297,-2.8020833499613218,-0.0037226577599842,-3.9127247647828414,-0.011828965197077919
9477,clp-fragment01-870,-0.18750002980232239,1.875000037252903,0.0047901272773741999,-1.0473660185665659,-0.012928425919681135
9478,clp-fragment01-870,1.9166666727978736,-2.3750000036476799,0.068531844351026605,-1.6699618319062863,0.05954780398832886
9530,clp-fragment01-897,-1.1250000465661287,2.6875000093132257,0.028656919797261499,-1.4635732243432811,0.0092685333377170061
9547,clw-fragment01-5,3.4374999981373549,-0.625,-0.0032170613606771,0.97365605035523428,-0.015797665804524238
9556,clw-fragment01-8,1.375,-0.6875,-0.0095585584640501993,-1.128943396160039,-0.022010714190981166
9585,clw-fragment01-21,-0.25000001676380629,1.0312500391155479,0.0084608793258666992,-1.6512085574348943,-0.0075236161966484097
9597,clw-fragment01-25,2.6562499543651938,-1.9374999506399035,-0.049003879229227498,-0.64968237768421488,-0.058887060719278926
9608,clw-fragment01-28,0.43749997764825821,-0.31249997764825821,0.0135551492373148,-1.825846713903589,0.00033230116294997308
9647,clw-fragment01-45,2.6874999925494194,-2.500000037252903,0.018873214721679601,-0.97932743047139237,0.010146071861878964
9649,clw-fragment01-47,-0.37499998509883881,0.43749998509883881,0.024710396925608301,-2.1571533200167972,0.0099461643248108366
9670,clw-fragment01-55,4.2499999431893229,-0.68749997764825821,0.001206636428833,1.7460565613699641,-0.011245519344034807
9705,clw-fragment01-65,1.687500013038516,-0.54687500558793545,0.0046728650728860999,-0.72621962785637617,-0.0080683002556220396
9727,clw-fragment01-72,0.62499999161809683,1.7187500158324838,0.096856892108917306,-0.33511463183409496,0.079459460748175198
9738,clw-fragment01-76,0.1875000521540641,3.0000000093132257,0.0039396435022353996,0.049424116266504697,-0.016090986541889944
9768,clw-fragment01-83,-0.37499994784593582,1.2499999552965164,0.0062592426935830997,-1.6358604729718595,-0.010174823165875452
9791,clw-fragment01-93,2.6250000651925798,-0.3437500111758709,0.00099238753318790004,0.34160362794075283,-0.01216623611381358
9832,clw-fragment01-111,3.8750000083819032,-0.125,0.0039453109105426999,1.7319516476231311,-0.0096628832686337963
9841,clw-fragment01-115,-0.56249994784593582,2.0624999850988388,-0.0050250093142190999,-1.3020676249380108,-0.023128908554836982
9845,clw-fragment01-116,-0.56249998183920979,2.312500004190952,0.0005012253920236,-1.1416698531702791,-0.018116468755496683
9853,clw-fragment01-118,2.8125000123400241,2.2499999850988388,0.039135376612345299,2.1932306803817045,0.020646131220978907
9857,clw-fragment01-119,0.1874999578576535,3.1874999920837581,0.057069669167200597,0.16972235604957575,0.036653693007736396
9869,clw-fragment01-123,2.5312500260770321,0.62499998509883881,0.0010400414466856999,0.86939503629282977,-0.014109537304860274
9891,clw-fragment01-132,3.8125000335276127,-2.5000000037252903,-0.012744093934694899,0.14567263201782144,-0.0214712368634008
9895,clw-fragment01-133,3.7252902984619141e-09,1.3749999664723871,-0.00012993812561030001,-1.1806616174744562,-0.016820901441869613
9921,clw-fragment01-141,0.8124999962747097,2.4374999804422259,0.054879476626713997,0.31352900646250448,0.03600488509416927
9926,clw-fragment01-141,6.0000000726431608,-3.2500000186264515,0.0087859729925792007,1.8519792810378934,0.0016002146974919002
9941,clw-fragment01-148,0.062499918043613399,0.62500007450580597,0.0106070439020792,-1.5993550143778679,-0.0045425350332141384
9953,clw-fragment01-150,4.9374999019200914,1.6562499850988388,0.043781489133834797,3.9372858103715456,0.02651250655317202
9997,clw-fragment01-161,4.2812501105945557,-2.5312500733416528,-0.0066915750503539996,0.59437294023056175,-0.015354493477527695
10021,crs-fragment01-6,-0.81249997764825821,1.8749999925494196,-0.0003882845242817,-1.6723659950938621,-0.018106837629463354
10034,crs-fragment01-10,4.5312500174622983,-1.0625000121071937,-0.0046997567017873004,1.7867099232668791,-0.016381220102338792
10067,crs-fragment01-37,2.0000000111758709,-0.37500001490116119,-0.039038340250651102,-0.30344615265502872,-0.052132739531538359
10118,crs-fragment01-71,2.374999899067916,0.65625004470348358,0.039765099684397398,0.73319467171448682,0.024551296451895098
10138,crs-fragment01-85,1.4062500242143869,0.3124999925494194,0.010290453831354801,-0.45610220267918167,-0.0042168813509226039
10142,crs-fragment01-88,1.3125000521540642,0.1249999701976776,0.0032029747962951001,-0.67015053421394044,-0.010919014189296954
10187,cty-fragment03-463,1.3124999776482582,-1.1249999925494194,0.0149337649345397,-1.472139552376984,0.0033807502107096408
10192,cty-fragment03-464,-0.24999995529651639,0.62499998509883881,-0.017702937126159599,-1.9118549450807187,-0.032852515877705574
10196,cty-fragment03-464,1.8125000633299351,-1.7500000633299351,-0.0284052491188049,-1.3731339958866471,-0.038673776528006597
10200,cty-fragment03-467,1.3749999962747097,1.2499999590218067,0.044786095619201598,0.11413947353889942,0.028352029752086904
10212,cty-fragment03-469,0.31249995436519379,2.3125000027939682,0.0087456305821737006,-0.26666991786216815,-0.0098720635624755266
10222,cty-fragment03-469,1.6874999292194843,-1.9999999292194843,0.0097291469573974002,-1.6585318374646905,-2.5585859760661814e-05
10229,cty-fragment03-473,3.2499999916180968,-4.3749999767169356,0.011054138342539399,-1.6198108439009298,0.0061804568658115813
10255,cty-fragment03-479,-0.81249995529651642,1.4374999850988388,-0.015976508458455399,-1.9530621161677773,-0.032795920529911579
10265,cty-fragment03-481,2.1249999776482582,1.1874999925494194,0.0061963995297749999,0.82404002804554999,-0.010109217689328785
10297,cty-fragment03-492,0.81250007450580597,0.875,0.026014188925425199,-0.68895711220626854,0.010350815275589984
10312,cty-fragment03-494,4.1250000521540642,-2.3750000596046448,-0.00085284312566109995,0.53837151154840956,-0.0098368833733572369
10318,cty-fragment03-495,3.9375000151339918,-2.7812500337604438,0.015029639005661,0.090225076653277725,0.0068805153648054951
10333,cty-fragment03-498,-2.1250000633299351,2.2500000335276127,0.0155486663182576,-2.7442693642167804,-0.0029405791726386139
10360,cty-fragment03-511,-2.1249999552965164,0.56249998509883881,-0.0256495674451192,-3.8269543934586374,-0.040670697479749003
10368,cty-fragment03-514,5.1875000731088221,-3.2187500302679841,0.0478519002596536,1.0595289982234091,0.040601917630033652
10371,cty-fragment03-516,-0.3749999906867742,-1.9374999776482584,0.00034548838933310002,-3.6809323400645049,-0.0095376930452113085
10376,cty-fragment03-517,-1.0000001004664227,3.6562500548316166,-0.0055524210135142003,-0.71703179918163906,-0.026931762678807786
10378,cty-fragment03-518,1.1250000018626451,1.4999999478459358,0.0165401299794515,0.024537265468169256,-0.00040773073235945284
10379,cty-fragment03-518,-0.37499997625127429,1.7499999688006938,0.0062587559223176003,-1.3150649056896884,-0.01120289970022382
10381,cty-fragment03-520,2.9999999031424518,-0.62499998509883881,-0.013566593329111599,0.53615596492078499,-0.026147197803583294
10403,cty-fragment03-523,0.81249992176890373,0.50000001862645149,0.0043728053569792999,-0.92955394326011542,-0.010519876029639597
10446,cty-fragment03-531,-0.62499992549419403,-1.0000000149011612,0.00013381242752069999,-3.3294405731042795,-0.011676099684204857
10479,cty-fragment03-539,-0.8125,0,-0.0310419996579488,-2.8753494640029347,-0.044907091270957634
10490,cty-fragment03-542,-0.43750003911554808,1.7812500111758709,0.0142610569794972,-1.3575152171774632,-0.0032648230885908985
10491,cty-fragment03-542,2.8124999683350325,-0.125,-0.012313663959503099,0.66945160757626043,-0.025921858138679595
10495,cty-fragment03-543,1.4374999925494194,-1.0624999925494194,-0.0377183953921,-1.3070400890979044,-0.049399858832846227
