C_i_nats,fitted_Delta,ci_lower,ci_upper
-4.1249999897554517,0.014348581383581513,0.007363602617461309,0.021333560149701718
-4.0449999908209433,0.014347479760225755,0.0074370978453293822,0.021257861675122128
-3.964999991886434,0.01434637813687,0.0075104777917680181,0.021182278481971982
-3.8849999929519252,0.014345276513514242,0.0075837386471360848,0.0211068143798924
-3.8049999940174164,0.014344174890158485,0.0076568764385692503,0.021031473341747719
-3.724999995082908,0.014343073266802729,0.0077298870215309666,0.020956259512074492
-3.6449999961483992,0.014341971643446971,0.0078027660708611642,0.020881177216032779
-3.5649999972138904,0.014340870020091214,0.0078755090712899246,0.020806230968892503
-3.4849999982793816,0.014339768396735458,0.0079481113073810936,0.020731425486089822
-3.4049999993448727,0.0143386667733797,0.0080205678528684921,0.020656765693890911
-3.3250000004103639,0.014337565150023943,0.0080928735593448903,0.020582256740702996
-3.2450000014758551,0.014336463526668185,0.0081650230442611646,0.020507904009075206
-3.1650000025413467,0.01433536190331243,0.008237010678190302,0.020433713128434557
-3.0850000036068375,0.014334260279956672,0.0083088305713079468,0.020359689988605399
-3.0050000046723291,0.014333158656600915,0.0083804765590379561,0.020285840754163873
-2.9250000057378203,0.014332057033245159,0.00845194218680821,0.020212171879682106
-2.8450000068033114,0.014330955409889401,0.0085232206938583993,0.020138690125920403
-2.7650000078688026,0.014329853786533644,0.0085943049960379228,0.020065402577029365
-2.6850000089342938,0.014328752163177888,0.0086651876675281781,0.0199923166588276
-2.6050000099997854,0.014327650539822131,0.0087358609214197407,0.01991944015822452
-2.5250000110652762,0.014326548916466373,0.0088063165890707833,0.019846781243861963
-2.4450000121307678,0.014325447293110615,0.0088765460981690431,0.019774348488052186
-2.365000013196259,0.01432434566975486,0.0089465404494154469,0.019702150890094271
-2.2850000142617501,0.014323244046399102,0.0090162901917433293,0.019630197901054875
-2.2050000153272413,0.014322142423043345,0.0090857853959830735,0.019558499450103614
-2.1250000163927325,0.014321040799687589,0.0091550156268779409,0.019487065972497237
-2.0450000174582237,0.014319939176331831,0.0092239699133530757,0.019415908439310587
-1.9650000185237149,0.014318837552976074,0.0092926367169362638,0.019345038389015884
-1.8850000195892065,0.014317735929620318,0.0093610038982258302,0.019274467961014806
-1.8050000206546977,0.014316634306264561,0.0094290586812988721,0.019204209931230249
-1.7250000217201888,0.014315532682908803,0.0094967876159513138,0.019134277749866292
-1.64500002278568,0.014314431059553046,0.0095641765376608436,0.019064685581445247
-1.5650000238511712,0.01431332943619729,0.0096312105251646733,0.018995448347229906
-1.4850000249166624,0.014312227812841532,0.0096978738555466432,0.018926581770136421
-1.4050000259821536,0.014311126189485775,0.0097641499567330085,0.018858102422238541
-1.3250000270476447,0.014310024566130019,0.0098300213573035075,0.01879002777495653
-1.2450000281131359,0.014308922942774261,0.0098954696335350097,0.018722376252013513
-1.1650000291786275,0.014307821319418504,0.0099604753536095061,0.018655167285227502
-1.0850000302441187,0.014306719696062748,0.010025018018937352,0.018588421373188144
-1.0050000313096099,0.014305618072706991,0.010089076002571458,0.018522160142842525
-0.92500003237510109,0.014304516449351233,0.010152626484719577,0.018456406413982891
-0.84500003344059227,0.014303414825995476,0.010215645385401127,0.018391184266589825
-0.76500003450608345,0.01430231320263972,0.010278107294343423,0.018326519110936017
-0.68500003557157463,0.014301211579283962,0.010339985398271526,0.018262437760296398
-0.60500003663706625,0.014300109955928205,0.010401251405817455,0.018198968506038957
-0.52500003770255743,0.014299008332572449,0.010461875470360506,0.018136141194784391
-0.44500003876804861,0.014297906709216691,0.010521826111212497,0.018073987307220887
-0.36500003983353979,0.014296805085860934,0.01058107013368224,0.018012540038039627
-0.28500004089903097,0.014295703462505178,0.010639572548694399,0.017951834376315957
-0.20500004196452215,0.014294601839149421,0.010697296492801257,0.017891907185497585
-0.12500004303001333,0.014293500215793663,0.010754203149613839,0.017832797281973487
-0.045000044095504954,0.014292398592437906,0.010810251673892549,0.017774545510983262
0.03499995483900431,0.01429129696908215,0.010865399119778628,0.01771719481838567
0.11499995377351269,0.014290195345726392,0.010919600374916067,0.01766079031653672
0.19499995270802195,0.014289093722370635,0.010972808102508707,0.017605379342232563
0.27499995164253033,0.014287992099014879,0.011024972693676329,0.017551011504353429
0.3549999505770387,0.014286890475659121,0.011076042232812592,0.01749773871850565
0.43499994951154797,0.014285788852303364,0.011125962478999423,0.017445615225607305
0.51499994844605634,0.014284687228947608,0.011174676866886831,0.017394697591008385
0.59499994738056561,0.014283585605591851,0.011222126530790187,0.017345044680393516
0.67499994631507398,0.014282483982236093,0.011268250356070514,0.017296717608401672
0.75499994524958325,0.014281382358880336,0.011312985062123901,0.01724977965563677
0.83499994418409162,0.01428028073552458,0.011356265321485811,0.017204296149563349
0.91499994311860089,0.014279179112168822,0.01139802391962131,0.017160334304716335
0.99499994205310927,0.014278077488813065,0.011438191959885456,0.017117963017740673
1.0749999409876176,0.014276975865457309,0.011476699117858388,0.017077252613056232
1.1549999399221269,0.014275874242101552,0.011513473948745117,0.017038274535457986
1.2349999388566353,0.014274772618745794,0.011548444250740572,0.017001100986751016
1.3149999377911445,0.014273670995390038,0.01158153748616244,0.016965804504617637
1.3949999367256529,0.014272569372034281,0.011612681260725091,0.016932457483343471
1.4749999356601622,0.014271467748678523,0.011641803859561968,0.01690113163779508
1.5549999345946706,0.014270366125322766,0.011668834836518989,0.016871897414126542
1.6349999335291798,0.01426926450196701,0.011693705650884734,0.016844823353049286
1.7149999324636882,0.014268162878611252,0.011716350343174285,0.01681997541404822
1.7949999313981966,0.014267061255255495,0.011736706238958372,0.01679741627155262
1.8749999303327058,0.014265959631899739,0.011754714667176352,0.016777204596623126
1.9549999292672142,0.014264858008543982,0.011770321677066946,0.016759394340021015
2.0349999282017235,0.014263756385188224,0.01178347873598622,0.016744034034390228
2.1149999271362319,0.014262654761832468,0.011794143389149546,0.016731166134515391
2.1949999260707411,0.014261553138476711,0.011802279861904829,0.016720826415048594
2.2749999250052495,0.014260451515120953,0.011807859585647552,0.016713043444594355
2.3549999239397579,0.014259349891765196,0.011810861629992781,0.016707838153537609
2.4349999228742671,0.01425824826840944,0.011811273026315985,0.016705223510502895
2.5149999218087755,0.014257146645053682,0.01180908897116993,0.016705204318937433
2.5949999207432848,0.014256045021697925,0.011804312902202463,0.016707777141193387
2.6749999196777932,0.014254943398342169,0.011796956443793371,0.016712930352890967
2.7549999186123024,0.014253841774986412,0.011787039224403932,0.016720644325568891
2.8349999175468108,0.014252740151630654,0.011774588572277575,0.016730891730983733
2.9149999164813192,0.014251638528274898,0.011759639100345215,0.016743637956204583
2.9949999154158284,0.014250536904919141,0.011742232194718372,0.01675884161511991
3.0749999143503368,0.014249435281563383,0.011722415423807881,0.016776455139318885
3.1549999132848461,0.014248333658207626,0.011700241886777938,0.016796425429637316
3.2349999122193545,0.01424723203485187,0.011675769520712004,0.016818694548991736
3.3149999111538637,0.014246130411496112,0.01164906038558477,0.016843200437407457
3.3949999100883721,0.014245028788140355,0.011620179945023948,0.016869877631256761
3.4749999090228814,0.014243927164784599,0.011589196359073082,0.016898657970496118
3.5549999079573897,0.014242825541428842,0.011556179802921496,0.016929471279936187
3.6349999068918981,0.014241723918073084,0.011521201823042899,0.016962246013103269
3.7149999058264074,0.014240622294717328,0.011484334739559676,0.01699690984987498
3.7949999047609158,0.014239520671361571,0.011445651101079476,0.017033390241643666
3.874999903695425,0.014238419048005813,0.01140522319585557,0.017071614900156056
3.9549999026299343,0.014237317424650056,0.011363122620988306,0.017111512228311806
4.0349999015644418,0.0142362158012943,0.011319419909564326,0.017153011693024276
4.114999900498951,0.014235114177938542,0.011274184214144854,0.017196044141732231
4.1949998994334603,0.014234012554582785,0.011227483043862575,0.017240542065302993
4.2749998983679678,0.014232910931227029,0.011179382051548063,0.017286439810905996
4.3549998973024771,0.014231809307871272,0.011129944866749245,0.017333673748993299
4.4349998962369863,0.014230707684515514,0.011079232970191628,0.017382182398839402
4.5149998951714956,0.014229606061159758,0.011027305605110988,0.01743190651720853
4.5949998941060031,0.014228504437804001,0.010974219720933138,0.017482789154674865
4.6749998930405123,0.014227402814448243,0.010920029944938339,0.017534775683958146
4.7549998919750216,0.014226301191092486,0.010864788577797265,0.017587813804387707
4.8349998909095291,0.01422519956773673,0.010808545609171813,0.017641853526301647
4.9149998898440383,0.014224097944380973,0.010751348749913632,0.017696847138848313
4.9949998887785476,0.014222996321025215,0.010693243477746866,0.017752749164303566
5.0749998877130569,0.014221894697669459,0.010634273093674495,0.017809516301664424
5.1549998866475644,0.014220793074313702,0.01057447878668942,0.017867107361937983
5.2349998855820736,0.014219691450957944,0.01051389970469422,0.017925483197221669
5.3149998845165829,0.014218589827602188,0.010452573029832761,0.017984606625371616
5.3949998834510922,0.014217488204246431,0.01039053405670972,0.018044442351783142
5.4749998823855996,0.014216386580890673,0.010327816272219743,0.018104956889561603
5.5549998813201089,0.014215284957534916,0.010264451435926136,0.018166118479143695
5.6349998802546182,0.01421418333417916,0.010200469660121191,0.01822789700823713
5.7149998791891257,0.014213081710823403,0.010135899488867414,0.018290263932779389
5.7949998781236349,0.014211980087467645,0.010070767975463503,0.018353192199471787
5.8749998770581442,0.014210878464111889,0.010005100757902558,0.018416656170321219
5.9549998759926535,0.014209776840756132,0.0099389221319950358,0.018480631549517228
6.0349998749271609,0.014208675217400374,0.0098722551219174656,0.018545095312883283
6.1149998738616702,0.014207573594044618,0.009805121548021746,0.018610025640067491
6.1949998727961795,0.014206471970688861,0.0097375420918011067,0.018675401849576615
6.274999871730687,0.014205370347333103,0.0096695363579589085,0.018741204336707298
6.3549998706651962,0.014204268723977346,0.0096011229335672115,0.018807414514387479
6.4349998695997055,0.01420316710062159,0.0095323194443347106,0.018874014756908468
6.5149998685342148,0.014202065477265833,0.0094631426080293533,0.018940988346502312
6.5949998674687222,0.014200963853910075,0.0093936082851211224,0.019008319422699028
6.6749998664032315,0.014199862230554319,0.0093237315267255573,0.019075992934383081
6.7549998653377408,0.014198760607198562,0.0092535266199398405,0.019143994594457283
6.8349998642722483,0.014197658983842804,0.0091830071306711614,0.019212310837014447
6.9149998632067575,0.014196557360487048,0.0091121859440621462,0.019280928776911951
6.9949998621412668,0.014195455737131291,0.0090410753026211321,0.01934983617164145
7.0749998610757761,0.014194354113775533,0.0089696868421662232,0.019419021385384844
7.1549998600102835,0.014193252490419776,0.0088980316256916971,0.019488473355147855
7.2349998589447928,0.01419215086706402,0.0088261201752640288,0.019558181558864011
7.3149998578793021,0.014191049243708263,0.0087539625020524731,0.019628135985364052
7.3949998568138113,0.014189947620352505,0.0086815681345962237,0.019698327106108787
7.4749998557483188,0.014188845996996749,0.008608946145406771,0.019768745848586726
7.5549998546828281,0.014187744373640992,0.0085361051760002825,0.019839383571281701
7.6349998536173374,0.014186642750285234,0.0084630534604509498,0.019910232040119519
7.7149998525518448,0.014185541126929479,0.0083897988475519457,0.019981283406307011
7.7949998514863541,0.014184439503573721,0.0083163488216666439,0.020052530185480796
7.8749998504208634,0.014183337880217963,0.0082427105223485259,0.020123965238087401
7.9549998493553726,0.014182236256862206,0.0081688907628039466,0.020195581750920465
8.0349998482898801,0.01418113463350645,0.0080948960472681103,0.02026737321974479
8.1149998472243894,0.014180033010150693,0.008020732587360458,0.020339333432940927
8.1949998461588986,0.014178931386794935,0.0079464063174820784,0.020411456456107792
8.2749998450934061,0.014177829763439179,0.0078719229093138915,0.020483736617564467
8.3549998440279154,0.014176728140083422,0.007797287785471025,0.020556168494695819
8.4349998429624247,0.014175626516727664,0.0077225061323654004,0.020628746901089928
8.5149998418969339,0.014174524893371909,0.0076475829123253351,0.020701466874418484
8.5949998408314414,0.014173423270016151,0.0075725228750180311,0.02077432366501427
8.6749998397659507,0.014172321646660394,0.0074973305682179432,0.020847312725102846
8.7549998387004599,0.014171220023304636,0.0074220103479613019,0.02092042969864797
8.8349998376349674,0.01417011839994888,0.0073465663881245721,0.020993670411773187
8.9149998365694767,0.014169016776593123,0.007271002689462183,0.021067030863724062
8.994999835503986,0.014167915153237365,0.0071953230881367557,0.021140507218337976
9.0749998344384952,0.014166813529881609,0.0071195312637727191,0.021214095795990498
9.1549998333730027,0.014165711906525852,0.0070436307470624539,0.021287793065989248
9.234999832307512,0.014164610283170094,0.0069676249269521214,0.021361595639388067
9.3149998312420212,0.014163508659814337,0.0068915170574326227,0.021435500262196053
9.3949998301765287,0.014162407036458581,0.0068153102639595189,0.021509503808957643
9.474999829111038,0.014161305413102824,0.0067390075495241935,0.021583603276681455
9.5549998280455473,0.014160203789747066,0.0066626118003971857,0.021657795779096947
9.6349998269800565,0.01415910216639131,0.0065861257915631917,0.021732078541219429
9.714999825914564,0.014158000543035553,0.0065095521918660205,0.021806448894205084
9.7949998248490733,0.014156898919679795,0.0064328935688807128,0.021880904270478879
9.8749998237835825,0.014155797296324039,0.006356152393528814,0.021955442199119265
9.95499982271809,0.014154695672968282,0.0062793310444518354,0.02203006030148473
10.034999821652599,0.014153594049612524,0.0062024318121570322,0.022104756287068018
10.114999820587109,0.014152492426256769,0.0061254569029486616,0.022179527949564876
10.194999819521618,0.014151390802901011,0.0060484084426570932,0.022254373163144929
10.274999818456125,0.014150289179545254,0.0059712884801774117,0.022329289878913097
10.354999817390635,0.014149187556189496,0.0058940989908283069,0.022404276121550687
10.434999816325144,0.01414808593283374,0.0058168418795415677,0.022479329986125913
10.514999815259653,0.014146984309477983,0.0057395189838916113,0.022554449635064353
10.594999814194161,0.014145882686122225,0.005662132076974179,0.02262963329527027
10.67499981312867,0.014144781062766469,0.0055846828701424881,0.022704879255390449
10.754999812063179,0.014143679439410712,0.005507173015608862,0.022780185863212562
10.834999810997687,0.014142577816054954,0.0054296041089192185,0.02285555152319069
10.914999809932196,0.014141476192699199,0.0053519776913074097,0.022930974694090986
10.994999808866705,0.014140374569343441,0.0052742952519359912,0.023006453886750891
11.074999807801214,0.014139272945987684,0.0051965582300295826,0.023081987661945785
11.154999806735722,0.014138171322631926,0.0051187680169066125,0.023157574628357241
11.234999805670231,0.01413706969927617,0.0050409259579149053,0.023233213440637435
11.31499980460474,0.014135968075920413,0.004963033354276284,0.023308902797564542
11.394999803539248,0.014134866452564655,0.0048850914648449553,0.023384641440284355
11.474999802473757,0.0141337648292089,0.004807101507784281,0.023460428150633518
11.554999801408266,0.014132663205853142,0.004729064662166188,0.023536261749540096
11.634999800342776,0.014131561582497384,0.0046509820694972826,0.023612141095497488
11.714999799277283,0.014130459959141629,0.0045728548351754335,0.023688065083107824
11.794999798211792,0.014129358335785871,0.0044946840298804389,0.023764032641691302
11.874999797146302,0.014128256712430114,0.004416470690902171,0.023840042733958056
