C_residual_nats,fitted_Delta_residual,ci_lower,ci_upper
-5.5462582892721422,-0.014481607656250626,-0.021845200888981377,-0.0071180144235198735
-5.488312986519376,-0.014330309051637976,-0.021616970122726686,-0.0070436479805492669
-5.4303676837666099,-0.014179010447025327,-0.021388739356471995,-0.0069692815375786603
-5.3724223810138447,-0.01402771184241268,-0.021160508590217304,-0.0068949150946080546
-5.3144770782610786,-0.013876413237800029,-0.020932277823962613,-0.0068205486516374455
-5.2565317755083125,-0.013725114633187379,-0.020704047057707918,-0.0067461822086668389
-5.1985864727555464,-0.013573816028574728,-0.020475816291453227,-0.0066718157656962306
-5.1406411700027803,-0.013422517423962079,-0.020247585525198536,-0.006597449322725624
-5.0826958672500142,-0.01327121881934943,-0.020019354758943841,-0.0065230828797550175
-5.024750564497249,-0.013119920214736781,-0.019791123992689154,-0.0064487164367844092
-4.9668052617444829,-0.012968621610124131,-0.019562893226434459,-0.0063743499938138026
-4.9088599589917168,-0.012817323005511482,-0.019334662460179768,-0.006299983550843196
-4.8509146562389507,-0.012666024400898831,-0.019106431693925074,-0.0062256171078725877
-4.7929693534861846,-0.012514725796286182,-0.018878200927670383,-0.0061512506649019812
-4.7350240507334185,-0.012363427191673531,-0.018649970161415688,-0.0060768842219313729
-4.6770787479806533,-0.012212128587060883,-0.018421739395161001,-0.0060025177789607663
-4.6191334452278872,-0.012060829982448234,-0.018193508628906306,-0.0059281513359901606
-4.5611881424751211,-0.011909531377835585,-0.017965277862651615,-0.005853784893019554
-4.503242839722355,-0.011758232773222934,-0.017737047096396924,-0.0057794184500489457
-4.4452975369695888,-0.011606934168610285,-0.017508816330142229,-0.0057050520070783383
-4.3873522342168236,-0.011455635563997637,-0.017280585563887542,-0.0056306855641077326
-4.3294069314640575,-0.011304336959384986,-0.017052354797632847,-0.0055563191211371243
-4.2714616287112914,-0.011153038354772337,-0.016824124031378156,-0.0054819526781665177
-4.2135163259585253,-0.011001739750159686,-0.016595893265123462,-0.0054075862351959094
-4.1555710232057592,-0.010850441145547037,-0.016367662498868771,-0.005333219792225302
-4.097625720452994,-0.010699142540934389,-0.016139431732614083,-0.0052588533492546963
-4.0396804177002279,-0.01054784393632174,-0.015911200966359389,-0.0051844869062840897
-3.9817351149474618,-0.010396545331709089,-0.015682970200104698,-0.0051101204633134814
-3.9237898121946957,-0.01024524672709644,-0.015454739433850007,-0.005035754020342874
-3.8658445094419296,-0.010093948122483789,-0.015226508667595312,-0.0049613875773722657
-3.8078992066891639,-0.0099426495178711414,-0.014998277901340623,-0.00488702113440166
-3.7499539039363978,-0.0097913509132584904,-0.01477004713508593,-0.0048126546914310517
-3.6920086011836322,-0.0096400523086458429,-0.014541816368831239,-0.0047382882484604469
-3.6340632984308661,-0.0094887537040331919,-0.014313585602576544,-0.0046639218054898386
-3.5761179956781,-0.0093374550994205427,-0.014085354836321853,-0.004589555362519232
-3.5181726929253343,-0.0091861564948078935,-0.013857124070067162,-0.0045151889195486246
-3.4602273901725682,-0.0090348578901952442,-0.013628893303812471,-0.004440822476578018
-3.4022820874198021,-0.0088835592855825932,-0.013400662537557777,-0.0043664560336074097
-3.3443367846670364,-0.008732260680969944,-0.013172431771303086,-0.0042920895906368023
-3.2863914819142703,-0.0085809620763572948,-0.012944201005048395,-0.0042177231476661957
-3.2284461791615042,-0.0084296634717446455,-0.012715970238793702,-0.0041433567046955892
-3.1705008764087386,-0.0082783648671319963,-0.012487739472539011,-0.0040689902617249817
-3.1125555736559725,-0.0081270662625193453,-0.012259508706284318,-0.0039946238187543734
-3.0546102709032064,-0.0079757676579066961,-0.012031277940029625,-0.0039202573757837669
-2.9966649681504407,-0.0078244690532940468,-0.011803047173774934,-0.0038458909328131594
-2.9387196653976746,-0.0076731704486813976,-0.011574816407520241,-0.0037715244898425533
-2.8807743626449089,-0.0075218718440687483,-0.01134658564126555,-0.0036971580468719459
-2.8228290598921428,-0.0073705732394560991,-0.011118354875010859,-0.0036227916039013393
-2.7648837571393767,-0.007219274634843449,-0.010890124108756167,-0.0035484251609307314
-2.7069384543866111,-0.0070679760302307998,-0.010661893342501476,-0.0034740587179601244
-2.648993151633845,-0.0069166774256181505,-0.010433662576246783,-0.0033996922749895174
-2.5910478488810789,-0.0067653788210055004,-0.010205431809992092,-0.00332532583201891
-2.5331025461283132,-0.0066140802163928512,-0.0099772010437373989,-0.003250959389048303
-2.4751572433755471,-0.0064627816117802011,-0.0097489702774827061,-0.0031765929460776956
-2.417211940622781,-0.0063114830071675518,-0.0095207395112280151,-0.003102226503107089
-2.3592666378700153,-0.0061601844025549026,-0.009292508744973324,-0.0030278600601364816
-2.3013213351172492,-0.0060088857979422525,-0.0090642779787186312,-0.0029534936171658741
-2.2433760323644831,-0.0058575871933296032,-0.0088360472124639385,-0.0028791271741952676
-2.1854307296117175,-0.005706288588716954,-0.0086078164462092474,-0.0028047607312246601
-2.1274854268589514,-0.0055549899841043039,-0.0083795856799545546,-0.0027303942882540527
-2.0695401241061857,-0.0054036913794916555,-0.0081513549136998653,-0.0026560278452834466
-2.0115948213534196,-0.0052523927748790054,-0.0079231241474451708,-0.0025816614023128391
-1.9536495186006535,-0.0051010941702663553,-0.0076948933811904797,-0.0025072949593422313
-1.8957042158478878,-0.0049497955656537069,-0.0074666626149357887,-0.0024329285163716251
-1.8377589130951217,-0.0047984969610410568,-0.0072384318486810959,-0.0023585620734010173
-1.7798136103423556,-0.0046471983564284067,-0.0070102010824264031,-0.0022841956304304098
-1.72186830758959,-0.0044958997518157583,-0.0067819703161717138,-0.0022098291874598033
-1.6639230048368239,-0.0043446011472031082,-0.006553739549917021,-0.0021354627444891959
-1.6059777020840578,-0.0041933025425904581,-0.0063255087836623274,-0.0020610963015185889
-1.5480323993312921,-0.0040420039379778097,-0.0060972780174076372,-0.0019867298585479823
-1.4900870965785264,-0.0038907053333651605,-0.0058690472511529462,-0.0019123634155773753
-1.4321417938257603,-0.0037394067287525108,-0.0056408164848982534,-0.0018379969726067679
-1.3741964910729942,-0.0035881081241398607,-0.0054125857186435606,-0.0017636305296361604
-1.3162511883202281,-0.0034368095195272106,-0.0051843549523888687,-0.0016892640866655528
-1.258305885567462,-0.0032855109149145609,-0.0049561241861341759,-0.001614897643694946
-1.2003605828146959,-0.0031342123103019108,-0.0047278934198794831,-0.0015405312007243383
-1.1424152800619307,-0.0029829137056892633,-0.0044996626536247947,-0.0014661647577537322
-1.0844699773091646,-0.0028316151010766132,-0.0042714318873701019,-0.0013917983147831248
-1.0265246745563985,-0.0026803164964639636,-0.0040432011211154091,-0.0013174318718125178
-0.96857937180363241,-0.0025290178918513134,-0.0038149703548607168,-0.0012430654288419101
-0.9106340690508663,-0.0023777192872386633,-0.003586739588606024,-0.0011686989858713027
-0.85268876629810109,-0.0022264206826260158,-0.0033585088223513351,-0.0010943325429006968
-0.79474346354533498,-0.0020751220780133657,-0.0031302780560966423,-0.0010199660999300891
-0.73679816079256888,-0.001923823473400716,-0.0029020472898419504,-0.00094559965695948192
-0.67885285803980278,-0.0017725248687880659,-0.0026738165235872576,-0.00087123321398887448
-0.62090755528703667,-0.0016212262641754161,-0.0024455857573325648,-0.00079686677101826716
-0.56296225253427057,-0.0014699276595627662,-0.0022173549910778725,-0.00072250032804765984
-0.50501694978150535,-0.0013186290549501184,-0.0019891242248231832,-0.0006481338850770536
-0.44707164702873925,-0.0011673304503374685,-0.0017608934585684908,-0.00057376744210644638
-0.38912634427597315,-0.0010160318457248187,-0.0015326626923137983,-0.00049940099913583906
-0.33118104152320704,-0.00086473324111216866,-0.0013044319260591057,-0.00042503455616523162
-0.27323573877044094,-0.00071343463649951877,-0.0010762011598044131,-0.00035066811319462435
-0.21529043601767572,-0.00056213603188687115,-0.00084797039354972425,-0.00027630167022401811
-0.15734513326490962,-0.00041083742727422121,-0.00061973962729503168,-0.00020193522725341079
-0.099399830512143517,-0.00025953882266157126,-0.00039150886104033912,-0.00012756878428280344
-0.041454527759377413,-0.00010824021804892133,-0.00016327809478564655,-5.320234131219612e-05
0,0,0,0
0.01649077499338869,4.3058386563728612e-05,2.1164101658411228e-05,6.4952671469045999e-05
0.074436077746154794,0.00019435699117637854,9.5530544629018562e-05,0.00029318343772373852
0.13238138049892001,0.00034565559578902618,0.00016989698759962478,0.00052141420397842757
0.19032668325168611,0.00049695420040167613,0.00024426343057023213,0.00074964497023312013
0.24827198600445222,0.00064825280501432602,0.0003186298735408394,0.00097787573648781259
0.30621728875721832,0.00079955140962697602,0.00039299631651144683,0.0012061065027425052
0.36416259150998442,0.00095085001423962591,0.00046736275948205415,0.0014343372689971977
0.42210789426274964,0.0011021486188522735,0.00054172920245266034,0.0016625680352518866
0.48005319701551574,0.0012534472234649234,0.00061609564542326755,0.0018907988015065794
0.53799849976828185,0.0014047458280775735,0.0006904620883938751,0.0021190295677612717
0.59594380252104795,0.0015560444326902234,0.00076482853136448242,0.0023472603340159645
0.65388910527381405,0.0017073430373028733,0.00083919497433508964,0.0025754911002706569
0.71183440802658016,0.0018586416419155232,0.00091356141730569707,0.0028037218665253492
0.76977971077934537,0.0020099402465281707,0.00098792786027630287,0.0030319526327800385
0.82772501353211148,0.0021612388511408208,0.0010622943032469105,0.0032601833990347313
0.88567031628487758,0.0023125374557534709,0.0011366607462175182,0.0034884141652894237
0.94361561903764368,0.0024638360603661206,0.0012110271891881252,0.003716644931544116
1.0015609217904098,0.0026151346649787707,0.0012853936321587328,0.0039448756977988088
1.0595062245431759,0.0027664332695914204,0.0013597600751293396,0.0041731064640535016
1.1174515272959411,0.0029177318742040683,0.0014341265180999462,0.0044013372303081909
1.1753968300487072,0.003069030478816718,0.0015084929610705534,0.0046295679965628828
1.2333421328014733,0.0032203290834293681,0.0015828594040411608,0.0048577987628175756
1.2912874355542394,0.0033716276880420182,0.0016572258470117682,0.0050860295290722684
1.3492327383070055,0.0035229262926546679,0.0017315922899823755,0.0053142602953269603
1.4071780410597707,0.0036742248972673154,0.0018059587329529816,0.0055424910615816496
1.4651233438125368,0.0038255235018799655,0.0018803251759235888,0.0057707218278363424
1.5230686465653029,0.0039768221064926156,0.0019546916188941969,0.0059989525940910343
1.581013949318069,0.0041281207111052657,0.0020290580618648039,0.0062271833603457279
1.6389592520708351,0.0042794193157179149,0.0021034245048354105,0.006455414126600419
1.6969045548236013,0.004430717920330565,0.0021777909478060179,0.0066836448928551118
1.7548498575763665,0.0045820165249432126,0.002252157390776624,0.0069118756591098011
1.8127951603291326,0.0047333151295558627,0.0023265238337472319,0.0071401064253644939
1.8707404630818987,0.0048846137341685128,0.0024008902767178393,0.0073683371916191866
1.9286857658346648,0.0050359123387811629,0.0024752567196884468,0.0075965679578738794
1.9866310685874309,0.005187210943393813,0.0025496231626590546,0.0078247987241285705
2.0445763713401961,0.0053385095480064605,0.0026239896056296603,0.0080530294903832615
2.1025216740929622,0.0054898081526191106,0.0026983560486002678,0.0082812602566379526
2.1604669768457283,0.0056411067572317598,0.0027727224915708743,0.0085094910228926453
2.2184122795984944,0.0057924053618444099,0.0028470889345414822,0.0087377217891473381
2.2763575823512605,0.00594370396645706,0.0029214553775120896,0.0089659525554020309
2.3343028851040266,0.0060950025710697102,0.002995821820482697,0.0091941833216567237
2.3922481878567918,0.0062463011756823577,0.0030701882634533032,0.0094224140879114113
2.4501934906095579,0.0063975997802950078,0.0031445547064239106,0.0096506448541661058
2.508138793362324,0.0065488983849076579,0.003218921149394518,0.0098788756204207968
2.5660840961150893,0.0067001969895203054,0.0032932875923651242,0.010107106386675486
2.6240293988678562,0.0068514955941329572,0.003367654035335732,0.010335337152930182
2.6819747016206215,0.0070027941987456047,0.0034420204783063382,0.010563567919184872
2.7399200043733885,0.0071540928033582574,0.0035163869212769473,0.010791798685439568
2.7978653071261537,0.0073053914079709049,0.0035907533642475535,0.011020029451694256
2.8558106098789189,0.0074566900125835524,0.0036651198072181596,0.011248260217948945
2.9137559126316859,0.0076079886171962052,0.0037394862501887688,0.011476490984203641
2.9717012153844511,0.0077592872218088527,0.003813852693159374,0.011704721750458332
3.0296465181372181,0.0079105858264215054,0.0038882191361299832,0.011932952516713027
3.0875918208899833,0.0080618844310341529,0.0039625855791005898,0.012161183282967716
3.1455371236427503,0.0082131830356468039,0.0040369520220711963,0.012389414049222412
3.2034824263955155,0.0083644816402594514,0.0041113184650418029,0.0126176448154771
3.2614277291482807,0.0085157802448721006,0.0041856849080124103,0.012845875581731791
3.3193730319010477,0.0086670788494847516,0.0042600513509830178,0.013074106347986485
3.3773183346538129,0.0088183774540973991,0.0043344177939536243,0.013302337114241173
3.4352636374065799,0.0089696760587100518,0.0044087842369242326,0.013530567880495871
3.4932089401593451,0.0091209746633226993,0.0044831506798948392,0.013758798646750559
3.5511542429121103,0.0092722732679353468,0.0045575171228654458,0.013987029413005248
3.6090995456648773,0.0094235718725479995,0.0046318835658360541,0.014215260179259944
3.6670448484176426,0.009574870477160647,0.0047062500088066598,0.014443490945514635
3.7249901511704095,0.0097261690817732997,0.0047806164517772689,0.01467172171176933
3.7829354539231748,0.0098774676863859472,0.0048549828947478746,0.014899952478024021
3.84088075667594,0.010028766290998595,0.0049293493377184812,0.015128183244278708
3.898826059428707,0.010180064895611247,0.0050037157806890895,0.015356414010533406
3.9567713621814722,0.010331363500223895,0.0050780822236596961,0.015584644776788094
4.0147166649342392,0.010482662104836546,0.0051524486666303035,0.015812875543042788
4.0726619676870044,0.010633960709449193,0.0052268151096009092,0.016041106309297476
4.1306072704397696,0.010785259314061843,0.0053011815525715175,0.016269337075552167
4.1885525731925366,0.010936557918674494,0.0053755479955421249,0.016497567841806862
4.2464978759453018,0.011087856523287141,0.0054499144385127306,0.016725798608061553
4.3044431786980688,0.011239155127899794,0.0055242808814833398,0.016954029374316247
4.362388481450834,0.011390453732512441,0.0055986473244539455,0.017182260140570938
4.420333784203601,0.011541752337125094,0.0056730137674245546,0.017410490906825633
4.4782790869563662,0.011693050941737742,0.0057473802103951612,0.017638721673080324
4.5362243897091314,0.011844349546350389,0.0058217466533657669,0.017866952439335011
4.5941696924618984,0.011995648150963042,0.0058961130963363752,0.018095183205589709
4.6521149952146637,0.012146946755575689,0.0059704795393069809,0.018323413971844397
4.7100602979674306,0.012298245360188342,0.0060448459822775901,0.018551644738099095
4.7680056007201959,0.01244954396480099,0.0061192124252481966,0.018779875504353782
4.8259509034729611,0.012600842569413637,0.0061935788682188023,0.01900810627060847
4.8838962062257281,0.012752141174026288,0.0062679453111894098,0.019236337036863164
4.9418415089784933,0.012903439778638937,0.0063423117541600181,0.019464567803117856
4.9997868117312603,0.013054738383251588,0.0064166781971306246,0.019692798569372554
5.0577321144840255,0.013206036987864236,0.0064910446401012312,0.019921029335627241
5.1156774172367907,0.013357335592476883,0.0065654110830718369,0.020149260101881929
5.1736227199895577,0.013508634197089536,0.0066397775260424461,0.020377490868136627
5.2315680227423229,0.013659932801702183,0.0067141439690130526,0.020605721634391314
5.2895133254950899,0.013811231406314836,0.0067885104119836609,0.020833952400646012
5.3474586282478551,0.013962530010927484,0.0068628768549542675,0.0210621831669007
5.4054039310006221,0.014113828615540136,0.0069372432979248767,0.021290413933155394
5.4633492337533873,0.014265127220152784,0.0070116097408954824,0.021518644699410085
5.5212945365061525,0.014416425824765431,0.0070859761838660881,0.021746875465664776
5.5792398392589195,0.014567724429378084,0.0071603426268366972,0.021975106231919471
5.6371851420116847,0.014719023033990732,0.0072347090698073029,0.022203336998174159
5.6951304447644517,0.014870321638603383,0.0073090755127779104,0.022431567764428853
5.753075747517217,0.015021620243216032,0.0073834419557485178,0.022659798530683548
5.8110210502699822,0.015172918847828679,0.0074578083987191244,0.022888029296938235
5.8689663530227492,0.01532421745244133,0.0075321748416897318,0.02311626006319293
5.9269116557755144,0.015475516057053978,0.0076065412846603384,0.023344490829447617
5.9848569585282814,0.01562681466166663,0.0076809077276309475,0.023572721595702312
6.0428022612810466,0.01577811326627928,0.0077552741706015532,0.023800952361957006
