schema,sentence_id,source_sid,triple_ids,i0s,triple_count,inapt_minus_apt_nats_triple_mean
munch-qwen3.5-9b-shared-q3-surprisal-target-item/v1,1,a1e-fragment01-1,"[""munch-judgement-0""]",[0],1,1.7354081869125366
munch-qwen3.5-9b-shared-q3-surprisal-target-item/v1,2,a1e-fragment01-1,"[""munch-judgement-1""]",[1],1,4.573500633239746
munch-qwen3.5-9b-shared-q3-surprisal-target-item/v1,15,a1e-fragment01-7,"[""munch-judgement-2""]",[2],1,-0.1138088516891002
munch-qwen3.5-9b-shared-q3-surprisal-target-item/v1,28,a1e-fragment01-15,"[""munch-judgement-6"",""munch-judgement-7"",""munch-judgement-8""]","[6,7,8]",3,5.095713675022125
munch-qwen3.5-9b-shared-q3-surprisal-target-item/v1,33,a1e-fragment01-22,"[""munch-judgement-12""]",[12],1,2.88297700881958
munch-qwen3.5-9b-shared-q3-surprisal-target-item/v1,37,a1e-fragment01-23,"[""munch-judgement-13"",""munch-judgement-14""]","[13,14]",2,8.625798791646957
munch-qwen3.5-9b-shared-q3-surprisal-target-item/v1,40,a1e-fragment01-23,"[""munch-judgement-16""]",[16],1,-0.6343116760253906
munch-qwen3.5-9b-shared-q3-surprisal-target-item/v1,48,a1e-fragment01-28,"[""munch-judgement-17"",""munch-judgement-18""]","[17,18]",2,3.602882623672485
munch-qwen3.5-9b-shared-q3-surprisal-target-item/v1,52,a1e-fragment01-29,"[""munch-judgement-20""]",[20],1,6.74493396282196
munch-qwen3.5-9b-shared-q3-surprisal-target-item/v1,72,a1f-fragment07-152,"[""munch-judgement-21"",""munch-judgement-22"",""munch-judgement-23""]","[21,22,23]",3,6.56856460745136
munch-qwen3.5-9b-shared-q3-surprisal-target-item/v1,117,a1f-fragment09-170,"[""munch-judgement-28"",""munch-judgement-29""]","[28,29]",2,-0.1815188825130462
munch-qwen3.5-9b-shared-q3-surprisal-target-item/v1,141,a1f-fragment11-186,"[""munch-judgement-31""]",[31],1,-1.2496373653411863
munch-qwen3.5-9b-shared-q3-surprisal-target-item/v1,175,a1g-fragment27-410,"[""munch-judgement-33""]",[33],1,5.68203067779541
munch-qwen3.5-9b-shared-q3-surprisal-target-item/v1,178,a1g-fragment27-412,"[""munch-judgement-34"",""munch-judgement-35""]","[34,35]",2,-1.4470458030700684
munch-qwen3.5-9b-shared-q3-surprisal-target-item/v1,197,a1g-fragment27-423,"[""munch-judgement-37""]",[37],1,-0.7269899845123291
munch-qwen3.5-9b-shared-q3-surprisal-target-item/v1,200,a1g-fragment27-426,"[""munch-judgement-38"",""munch-judgement-39""]","[38,39]",2,0.2941615656018257
munch-qwen3.5-9b-shared-q3-surprisal-target-item/v1,202,a1g-fragment27-427,"[""munch-judgement-41"",""munch-judgement-42""]","[41,42]",2,5.013513803482056
munch-qwen3.5-9b-shared-q3-surprisal-target-item/v1,206,a1h-fragment05-71,"[""munch-judgement-44""]",[44],1,0.5125934537500143
munch-qwen3.5-9b-shared-q3-surprisal-target-item/v1,210,a1h-fragment05-73,"[""munch-judgement-45""]",[45],1,2.333473784849048
munch-qwen3.5-9b-shared-q3-surprisal-target-item/v1,214,a1h-fragment05-74,"[""munch-judgement-46""]",[46],1,2.8195678032934666
munch-qwen3.5-9b-shared-q3-surprisal-target-item/v1,223,a1h-fragment05-77,"[""munch-judgement-47""]",[47],1,6.424557447433472
munch-qwen3.5-9b-shared-q3-surprisal-target-item/v1,237,a1h-fragment05-80,"[""munch-judgement-49""]",[49],1,-3.4224807620048523
munch-qwen3.5-9b-shared-q3-surprisal-target-item/v1,243,a1h-fragment05-81,"[""munch-judgement-50""]",[50],1,-0.928811013698578
munch-qwen3.5-9b-shared-q3-surprisal-target-item/v1,256,a1h-fragment05-87,"[""munch-judgement-51""]",[51],1,4.728616237640381
munch-qwen3.5-9b-shared-q3-surprisal-target-item/v1,269,a1h-fragment05-90,"[""munch-judgement-52"",""munch-judgement-53""]","[52,53]",2,4.373137652873993
munch-qwen3.5-9b-shared-q3-surprisal-target-item/v1,274,a1h-fragment05-93,"[""munch-judgement-55"",""munch-judgement-56""]","[55,56]",2,1.112441062927246
munch-qwen3.5-9b-shared-q3-surprisal-target-item/v1,289,a1h-fragment05-99,"[""munch-judgement-64""]",[64],1,3.2301408499479294
munch-qwen3.5-9b-shared-q3-surprisal-target-item/v1,345,a1h-fragment06-129,"[""munch-judgement-65""]",[65],1,5.063196659088135
munch-qwen3.5-9b-shared-q3-surprisal-target-item/v1,357,a1h-fragment06-133,"[""munch-judgement-66""]",[66],1,-0.9914322793483734
munch-qwen3.5-9b-shared-q3-surprisal-target-item/v1,403,a1j-fragment33-499,"[""munch-judgement-67"",""munch-judgement-68""]","[67,68]",2,1.1855345200747252
munch-qwen3.5-9b-shared-q3-surprisal-target-item/v1,406,a1j-fragment33-500,"[""munch-judgement-70""]",[70],1,1.6421861052513125
munch-qwen3.5-9b-shared-q3-surprisal-target-item/v1,428,a1j-fragment33-507,"[""munch-judgement-72""]",[72],1,6.839782118797302
munch-qwen3.5-9b-shared-q3-surprisal-target-item/v1,452,a1j-fragment33-516,"[""munch-judgement-73""]",[73],1,-0.3599672317504883
munch-qwen3.5-9b-shared-q3-surprisal-target-item/v1,490,a1j-fragment34-535,"[""munch-judgement-74""]",[74],1,1.9904274344444275
munch-qwen3.5-9b-shared-q3-surprisal-target-item/v1,493,a1j-fragment34-536,"[""munch-judgement-75""]",[75],1,-0.837883710861206
munch-qwen3.5-9b-shared-q3-surprisal-target-item/v1,496,a1j-fragment34-538,"[""munch-judgement-76"",""munch-judgement-77"",""munch-judgement-78""]","[76,77,78]",3,-0.0376856625080108
munch-qwen3.5-9b-shared-q3-surprisal-target-item/v1,505,a1j-fragment34-539,"[""munch-judgement-82""]",[82],1,-0.1948107481002807
munch-qwen3.5-9b-shared-q3-surprisal-target-item/v1,524,a1j-fragment34-544,"[""munch-judgement-89""]",[89],1,5.408091068267822
munch-qwen3.5-9b-shared-q3-surprisal-target-item/v1,546,a1j-fragment34-552,"[""munch-judgement-90"",""munch-judgement-91""]","[90,91]",2,-1.68549382686615
munch-qwen3.5-9b-shared-q3-surprisal-target-item/v1,558,a1j-fragment34-556,"[""munch-judgement-103""]",[103],1,3.376770481467247
munch-qwen3.5-9b-shared-q3-surprisal-target-item/v1,562,a1j-fragment34-557,"[""munch-judgement-104"",""munch-judgement-105""]","[104,105]",2,-0.4312061872333288
munch-qwen3.5-9b-shared-q3-surprisal-target-item/v1,570,a1k-fragment02-30,"[""munch-judgement-107""]",[107],1,3.8809579610824585
munch-qwen3.5-9b-shared-q3-surprisal-target-item/v1,593,a1k-fragment02-39,"[""munch-judgement-108"",""munch-judgement-109""]","[108,109]",2,1.889101043343544
munch-qwen3.5-9b-shared-q3-surprisal-target-item/v1,657,a1l-fragment01-8,"[""munch-judgement-111"",""munch-judgement-112""]","[111,112]",2,1.6279140813276172
munch-qwen3.5-9b-shared-q3-surprisal-target-item/v1,675,a1l-fragment01-17,"[""munch-judgement-117""]",[117],1,-0.8094788789749146
munch-qwen3.5-9b-shared-q3-surprisal-target-item/v1,683,a1l-fragment01-20,"[""munch-judgement-118"",""munch-judgement-119""]","[118,119]",2,5.66527646780014
munch-qwen3.5-9b-shared-q3-surprisal-target-item/v1,752,a1m-fragment01-12,"[""munch-judgement-122"",""munch-judgement-123"",""munch-judgement-124""]","[122,123,124]",3,2.6078575119609013
munch-qwen3.5-9b-shared-q3-surprisal-target-item/v1,753,a1m-fragment01-12,"[""munch-judgement-128""]",[128],1,-0.7128110527992249
munch-qwen3.5-9b-shared-q3-surprisal-target-item/v1,759,a1m-fragment01-17,"[""munch-judgement-129"",""munch-judgement-130""]","[129,130]",2,2.619584198575467
munch-qwen3.5-9b-shared-q3-surprisal-target-item/v1,770,a1m-fragment01-22,"[""munch-judgement-132""]",[132],1,2.6128063201904297
munch-qwen3.5-9b-shared-q3-surprisal-target-item/v1,772,a1m-fragment01-23,"[""munch-judgement-133"",""munch-judgement-134""]","[133,134]",2,2.7811293192207813
munch-qwen3.5-9b-shared-q3-surprisal-target-item/v1,809,a1m-fragment01-47,"[""munch-judgement-137"",""munch-judgement-138"",""munch-judgement-139"",""munch-judgement-140""]","[137,138,139,140]",4,2.470811128616333
munch-qwen3.5-9b-shared-q3-surprisal-target-item/v1,840,a1n-fragment09-201,"[""munch-judgement-149""]",[149],1,-0.611783504486084
munch-qwen3.5-9b-shared-q3-surprisal-target-item/v1,882,a1n-fragment09-213,"[""munch-judgement-151""]",[151],1,6.606153726577759
munch-qwen3.5-9b-shared-q3-surprisal-target-item/v1,901,a1n-fragment09-221,"[""munch-judgement-152""]",[152],1,4.170548439025879
munch-qwen3.5-9b-shared-q3-surprisal-target-item/v1,929,a1n-fragment09-228,"[""munch-judgement-153""]",[153],1,0.7926332950592041
munch-qwen3.5-9b-shared-q3-surprisal-target-item/v1,996,a1n-fragment18-355,"[""munch-judgement-155""]",[155],1,3.8093844652175903
munch-qwen3.5-9b-shared-q3-surprisal-target-item/v1,999,a1n-fragment18-355,"[""munch-judgement-156""]",[156],1,4.886389374732971
munch-qwen3.5-9b-shared-q3-surprisal-target-item/v1,1039,a1n-fragment18-370,"[""munch-judgement-157""]",[157],1,5.174950554966927
munch-qwen3.5-9b-shared-q3-surprisal-target-item/v1,1049,a1n-fragment18-373,"[""munch-judgement-158"",""munch-judgement-159""]","[158,159]",2,-1.1789676025509834
munch-qwen3.5-9b-shared-q3-surprisal-target-item/v1,1051,a1n-fragment18-374,"[""munch-judgement-161""]",[161],1,-0.7988121509552002
munch-qwen3.5-9b-shared-q3-surprisal-target-item/v1,1060,a1p-fragment01-4,"[""munch-judgement-162""]",[162],1,6.323276586830616
munch-qwen3.5-9b-shared-q3-surprisal-target-item/v1,1062,a1p-fragment01-5,"[""munch-judgement-163"",""munch-judgement-164"",""munch-judgement-165""]","[163,164,165]",3,0.5737337271372477
munch-qwen3.5-9b-shared-q3-surprisal-target-item/v1,1081,a1p-fragment01-13,"[""munch-judgement-169"",""munch-judgement-170""]","[169,170]",2,-1.066084384918213
munch-qwen3.5-9b-shared-q3-surprisal-target-item/v1,1091,a1p-fragment01-15,"[""munch-judgement-172"",""munch-judgement-173""]","[172,173]",2,4.691053012385964
munch-qwen3.5-9b-shared-q3-surprisal-target-item/v1,1132,a1p-fragment03-68,"[""munch-judgement-175"",""munch-judgement-176""]","[175,176]",2,2.7307807207107544
munch-qwen3.5-9b-shared-q3-surprisal-target-item/v1,1196,a1u-fragment04-61,"[""munch-judgement-179""]",[179],1,3.5928836800158024
munch-qwen3.5-9b-shared-q3-surprisal-target-item/v1,1321,a1u-fragment04-128,"[""munch-judgement-181""]",[181],1,6.788729533553124
munch-qwen3.5-9b-shared-q3-surprisal-target-item/v1,1328,a1u-fragment04-134,"[""munch-judgement-183""]",[183],1,3.572632849216461
munch-qwen3.5-9b-shared-q3-surprisal-target-item/v1,1333,a1u-fragment04-140,"[""munch-judgement-187""]",[187],1,7.487949013710022
munch-qwen3.5-9b-shared-q3-surprisal-target-item/v1,1343,a1u-fragment04-148,"[""munch-judgement-188""]",[188],1,3.1700116991996765
munch-qwen3.5-9b-shared-q3-surprisal-target-item/v1,1347,a1u-fragment04-151,"[""munch-judgement-189""]",[189],1,0.8544708490371704
munch-qwen3.5-9b-shared-q3-surprisal-target-item/v1,1379,a1x-fragment04-165,"[""munch-judgement-190"",""munch-judgement-191""]","[190,191]",2,3.7148226499557495
munch-qwen3.5-9b-shared-q3-surprisal-target-item/v1,1381,a1x-fragment04-166,"[""munch-judgement-193"",""munch-judgement-194""]","[193,194]",2,2.2375114648602903
munch-qwen3.5-9b-shared-q3-surprisal-target-item/v1,1390,a1x-fragment04-170,"[""munch-judgement-196""]",[196],1,3.1977288648486137
munch-qwen3.5-9b-shared-q3-surprisal-target-item/v1,1393,a1x-fragment04-172,"[""munch-judgement-197"",""munch-judgement-198""]","[197,198]",2,-0.3480129837989807
munch-qwen3.5-9b-shared-q3-surprisal-target-item/v1,1438,a2d-fragment05-35,"[""munch-judgement-200""]",[200],1,-2.178979277610779
munch-qwen3.5-9b-shared-q3-surprisal-target-item/v1,1443,a2d-fragment05-38,"[""munch-judgement-202"",""munch-judgement-203""]","[202,203]",2,3.2458496689796448
munch-qwen3.5-9b-shared-q3-surprisal-target-item/v1,1458,a2d-fragment05-46,"[""munch-judgement-205""]",[205],1,1.3424469456076622
munch-qwen3.5-9b-shared-q3-surprisal-target-item/v1,1536,a31-fragment03-119,"[""munch-judgement-207"",""munch-judgement-208"",""munch-judgement-209""]","[207,208,209]",3,6.996439139048259
munch-qwen3.5-9b-shared-q3-surprisal-target-item/v1,1545,a31-fragment03-124,"[""munch-judgement-213""]",[213],1,1.2496193647384644
munch-qwen3.5-9b-shared-q3-surprisal-target-item/v1,1568,a31-fragment03-139,"[""munch-judgement-214"",""munch-judgement-215"",""munch-judgement-216""]","[214,215,216]",3,5.891919652620952
munch-qwen3.5-9b-shared-q3-surprisal-target-item/v1,1577,a31-fragment03-146,"[""munch-judgement-220"",""munch-judgement-221""]","[220,221]",2,2.5655190348625183
munch-qwen3.5-9b-shared-q3-surprisal-target-item/v1,1595,a36-fragment07-183,"[""munch-judgement-223"",""munch-judgement-224""]","[223,224]",2,9.561247929930689
munch-qwen3.5-9b-shared-q3-surprisal-target-item/v1,1605,a36-fragment07-186,"[""munch-judgement-226"",""munch-judgement-227""]","[226,227]",2,7.655700981616974
munch-qwen3.5-9b-shared-q3-surprisal-target-item/v1,1618,a36-fragment07-192,"[""munch-judgement-229""]",[229],1,3.415917093167081
munch-qwen3.5-9b-shared-q3-surprisal-target-item/v1,1625,a36-fragment07-193,"[""munch-judgement-230"",""munch-judgement-231"",""munch-judgement-232"",""munch-judgement-233""]","[230,231,232,233]",4,5.827974817206268
munch-qwen3.5-9b-shared-q3-surprisal-target-item/v1,1627,a36-fragment07-194,"[""munch-judgement-240""]",[240],1,-0.215910792350769
munch-qwen3.5-9b-shared-q3-surprisal-target-item/v1,1639,a36-fragment07-196,"[""munch-judgement-241""]",[241],1,0.6768676191568375
munch-qwen3.5-9b-shared-q3-surprisal-target-item/v1,1644,a36-fragment07-199,"[""munch-judgement-242""]",[242],1,3.3663350641727448
munch-qwen3.5-9b-shared-q3-surprisal-target-item/v1,1670,a38-fragment01-8,"[""munch-judgement-244""]",[244],1,10.024749875068665
munch-qwen3.5-9b-shared-q3-surprisal-target-item/v1,1672,a38-fragment01-9,"[""munch-judgement-245"",""munch-judgement-246"",""munch-judgement-247"",""munch-judgement-248""]","[245,246,247,248]",4,8.962398454546928
munch-qwen3.5-9b-shared-q3-surprisal-target-item/v1,1674,a38-fragment01-9,"[""munch-judgement-251""]",[251],1,-0.668336808681488
munch-qwen3.5-9b-shared-q3-surprisal-target-item/v1,1689,a38-fragment01-17,"[""munch-judgement-252"",""munch-judgement-253""]","[252,253]",2,2.104462999617681
munch-qwen3.5-9b-shared-q3-surprisal-target-item/v1,1693,a38-fragment01-18,"[""munch-judgement-255""]",[255],1,4.240748733282089
munch-qwen3.5-9b-shared-q3-surprisal-target-item/v1,1721,a38-fragment01-33,"[""munch-judgement-256"",""munch-judgement-257""]","[256,257]",2,-3.729407799430192
munch-qwen3.5-9b-shared-q3-surprisal-target-item/v1,1730,a39-fragment01-5,"[""munch-judgement-259""]",[259],1,-2.0687694549560547
munch-qwen3.5-9b-shared-q3-surprisal-target-item/v1,1735,a39-fragment01-6,"[""munch-judgement-260"",""munch-judgement-261""]","[260,261]",2,0.6419080495834351
munch-qwen3.5-9b-shared-q3-surprisal-target-item/v1,1803,a3c-fragment05-222,"[""munch-judgement-268""]",[268],1,8.191632270812988
munch-qwen3.5-9b-shared-q3-surprisal-target-item/v1,1823,a3c-fragment05-246,"[""munch-judgement-269""]",[269],1,3.986780285835266
munch-qwen3.5-9b-shared-q3-surprisal-target-item/v1,1832,a3e-fragment02-10,"[""munch-judgement-270""]",[270],1,4.93012398481369
munch-qwen3.5-9b-shared-q3-surprisal-target-item/v1,1834,a3e-fragment02-10,"[""munch-judgement-271""]",[271],1,1.974387764930725
munch-qwen3.5-9b-shared-q3-surprisal-target-item/v1,1847,a3e-fragment02-22,"[""munch-judgement-278""]",[278],1,2.808211326599121
munch-qwen3.5-9b-shared-q3-surprisal-target-item/v1,1853,a3e-fragment03-23,"[""munch-judgement-279""]",[279],1,0.8740424793213606
munch-qwen3.5-9b-shared-q3-surprisal-target-item/v1,1861,a3e-fragment03-26,"[""munch-judgement-280""]",[280],1,3.729713536798954
munch-qwen3.5-9b-shared-q3-surprisal-target-item/v1,1871,a3e-fragment03-31,"[""munch-judgement-281""]",[281],1,2.984045880846679
munch-qwen3.5-9b-shared-q3-surprisal-target-item/v1,1891,a3e-fragment03-47,"[""munch-judgement-283"",""munch-judgement-284""]","[283,284]",2,0.1697309017181396
munch-qwen3.5-9b-shared-q3-surprisal-target-item/v1,1911,a3e-fragment03-55,"[""munch-judgement-286""]",[286],1,1.5368702411651611
munch-qwen3.5-9b-shared-q3-surprisal-target-item/v1,1922,a3k-fragment11-115,"[""munch-judgement-287""]",[287],1,4.234698414802551
munch-qwen3.5-9b-shared-q3-surprisal-target-item/v1,1938,a3k-fragment11-121,"[""munch-judgement-288""]",[288],1,1.2462784051895142
munch-qwen3.5-9b-shared-q3-surprisal-target-item/v1,1948,a3k-fragment11-127,"[""munch-judgement-289""]",[289],1,-0.6061562299728394
munch-qwen3.5-9b-shared-q3-surprisal-target-item/v1,1975,a3k-fragment11-136,"[""munch-judgement-290""]",[290],1,4.586032271385193
munch-qwen3.5-9b-shared-q3-surprisal-target-item/v1,2001,a3k-fragment11-149,"[""munch-judgement-291""]",[291],1,4.61225700378418
munch-qwen3.5-9b-shared-q3-surprisal-target-item/v1,2020,a3k-fragment11-158,"[""munch-judgement-293"",""munch-judgement-294"",""munch-judgement-295""]","[293,294,295]",3,2.331663678089777
munch-qwen3.5-9b-shared-q3-surprisal-target-item/v1,2038,a3m-fragment02-48,"[""munch-judgement-299"",""munch-judgement-300""]","[299,300]",2,1.974198579788208
munch-qwen3.5-9b-shared-q3-surprisal-target-item/v1,2044,a3m-fragment02-50,"[""munch-judgement-302""]",[302],1,3.772952500730753
munch-qwen3.5-9b-shared-q3-surprisal-target-item/v1,2055,a3m-fragment02-55,"[""munch-judgement-303""]",[303],1,4.8283870802260935
munch-qwen3.5-9b-shared-q3-surprisal-target-item/v1,2101,a3m-fragment02-77,"[""munch-judgement-304""]",[304],1,-2.5036031007766724
munch-qwen3.5-9b-shared-q3-surprisal-target-item/v1,2132,a3p-fragment09-159,"[""munch-judgement-306"",""munch-judgement-307""]","[306,307]",2,5.267203990370035
munch-qwen3.5-9b-shared-q3-surprisal-target-item/v1,2143,a3p-fragment09-172,"[""munch-judgement-309"",""munch-judgement-310"",""munch-judgement-311"",""munch-judgement-312""]","[309,310,311,312]",4,-0.9836594760417938
munch-qwen3.5-9b-shared-q3-surprisal-target-item/v1,2172,a3p-fragment09-188,"[""munch-judgement-315"",""munch-judgement-316""]","[315,316]",2,6.927779734134674
munch-qwen3.5-9b-shared-q3-surprisal-target-item/v1,2173,a3p-fragment09-188,"[""munch-judgement-318"",""munch-judgement-319""]","[318,319]",2,1.9912836865987629
munch-qwen3.5-9b-shared-q3-surprisal-target-item/v1,2181,a3p-fragment09-193,"[""munch-judgement-321""]",[321],1,-0.7366809863597155
munch-qwen3.5-9b-shared-q3-surprisal-target-item/v1,2206,a4d-fragment02-80,"[""munch-judgement-322"",""munch-judgement-323""]","[322,323]",2,1.1077748239040377
munch-qwen3.5-9b-shared-q3-surprisal-target-item/v1,2216,a4d-fragment02-90,"[""munch-judgement-325"",""munch-judgement-326""]","[325,326]",2,4.105463661253452
munch-qwen3.5-9b-shared-q3-surprisal-target-item/v1,2242,a4d-fragment02-107,"[""munch-judgement-328"",""munch-judgement-329""]","[328,329]",2,-0.3696554247289896
munch-qwen3.5-9b-shared-q3-surprisal-target-item/v1,2256,a4d-fragment02-114,"[""munch-judgement-331""]",[331],1,11.73464322835207
munch-qwen3.5-9b-shared-q3-surprisal-target-item/v1,2258,a4d-fragment02-116,"[""munch-judgement-332"",""munch-judgement-333"",""munch-judgement-334"",""munch-judgement-335""]","[332,333,334,335]",4,0.787596583366394
munch-qwen3.5-9b-shared-q3-surprisal-target-item/v1,2271,a4d-fragment02-124,"[""munch-judgement-342"",""munch-judgement-343""]","[342,343]",2,0.614154726266861
munch-qwen3.5-9b-shared-q3-surprisal-target-item/v1,2274,a5e-fragment06-147,"[""munch-judgement-345"",""munch-judgement-346""]","[345,346]",2,0.8132307529449463
munch-qwen3.5-9b-shared-q3-surprisal-target-item/v1,2329,a5e-fragment06-179,"[""munch-judgement-351""]",[351],1,2.404348209500313
munch-qwen3.5-9b-shared-q3-surprisal-target-item/v1,2338,a5e-fragment06-184,"[""munch-judgement-352""]",[352],1,2.597385806962848
munch-qwen3.5-9b-shared-q3-surprisal-target-item/v1,2379,a5e-fragment06-198,"[""munch-judgement-353""]",[353],1,3.839956760406494
munch-qwen3.5-9b-shared-q3-surprisal-target-item/v1,2385,a5e-fragment06-201,"[""munch-judgement-354""]",[354],1,-0.9402044359594584
munch-qwen3.5-9b-shared-q3-surprisal-target-item/v1,2392,a6u-fragment02-167,"[""munch-judgement-371""]",[371],1,2.5677943229675293
munch-qwen3.5-9b-shared-q3-surprisal-target-item/v1,2395,a6u-fragment02-168,"[""munch-judgement-372""]",[372],1,4.253749489784241
munch-qwen3.5-9b-shared-q3-surprisal-target-item/v1,2399,a6u-fragment02-169,"[""munch-judgement-373"",""munch-judgement-374"",""munch-judgement-375"",""munch-judgement-376""]","[373,374,375,376]",4,-1.3156232684850693
munch-qwen3.5-9b-shared-q3-surprisal-target-item/v1,2406,a6u-fragment02-171,"[""munch-judgement-383""]",[383],1,7.077068209648132
munch-qwen3.5-9b-shared-q3-surprisal-target-item/v1,2418,a6u-fragment02-175,"[""munch-judgement-384"",""munch-judgement-385"",""munch-judgement-386""]","[384,385,386]",3,5.225870688756307
munch-qwen3.5-9b-shared-q3-surprisal-target-item/v1,2432,a6u-fragment02-181,"[""munch-judgement-390""]",[390],1,3.834241509437561
munch-qwen3.5-9b-shared-q3-surprisal-target-item/v1,2435,a6u-fragment02-182,"[""munch-judgement-391""]",[391],1,0.0788860321044921
munch-qwen3.5-9b-shared-q3-surprisal-target-item/v1,2452,a6u-fragment02-187,"[""munch-judgement-392""]",[392],1,-1.922860145568848
munch-qwen3.5-9b-shared-q3-surprisal-target-item/v1,2456,a6u-fragment02-189,"[""munch-judgement-393""]",[393],1,1.7394814491271973
munch-qwen3.5-9b-shared-q3-surprisal-target-item/v1,2493,a6u-fragment02-206,"[""munch-judgement-395""]",[395],1,3.5705963373184204
munch-qwen3.5-9b-shared-q3-surprisal-target-item/v1,2504,a6u-fragment02-212,"[""munch-judgement-396"",""munch-judgement-397""]","[396,397]",2,2.0167159996926785
munch-qwen3.5-9b-shared-q3-surprisal-target-item/v1,2508,a6u-fragment02-213,"[""munch-judgement-399""]",[399],1,2.0325524071231484
munch-qwen3.5-9b-shared-q3-surprisal-target-item/v1,2512,a6u-fragment02-214,"[""munch-judgement-400""]",[400],1,7.765973418019712
munch-qwen3.5-9b-shared-q3-surprisal-target-item/v1,2527,a6u-fragment02-222,"[""munch-judgement-401""]",[401],1,-0.5387980341911316
munch-qwen3.5-9b-shared-q3-surprisal-target-item/v1,2536,a6u-fragment02-234,"[""munch-judgement-402""]",[402],1,1.0841428488492966
munch-qwen3.5-9b-shared-q3-surprisal-target-item/v1,2544,a6u-fragment02-237,"[""munch-judgement-403""]",[403],1,2.639333244413137
munch-qwen3.5-9b-shared-q3-surprisal-target-item/v1,2561,a6u-fragment02-243,"[""munch-judgement-404"",""munch-judgement-405""]","[404,405]",2,0.4015142917633056
munch-qwen3.5-9b-shared-q3-surprisal-target-item/v1,2568,a6u-fragment02-244,"[""munch-judgement-407""]",[407],1,0.2318193614482879
munch-qwen3.5-9b-shared-q3-surprisal-target-item/v1,2580,a6u-fragment02-253,"[""munch-judgement-411"",""munch-judgement-412""]","[411,412]",2,5.008530855178833
munch-qwen3.5-9b-shared-q3-surprisal-target-item/v1,2588,a6u-fragment02-256,"[""munch-judgement-414""]",[414],1,2.130667746067047
munch-qwen3.5-9b-shared-q3-surprisal-target-item/v1,2601,a6u-fragment02-259,"[""munch-judgement-416""]",[416],1,3.708677142858505
munch-qwen3.5-9b-shared-q3-surprisal-target-item/v1,2603,a6u-fragment02-259,"[""munch-judgement-417""]",[417],1,5.831955671310425
munch-qwen3.5-9b-shared-q3-surprisal-target-item/v1,2604,a6u-fragment02-259,"[""munch-judgement-418""]",[418],1,5.640139535069466
munch-qwen3.5-9b-shared-q3-surprisal-target-item/v1,2609,a6u-fragment02-261,"[""munch-judgement-419""]",[419],1,1.1526168137788773
munch-qwen3.5-9b-shared-q3-surprisal-target-item/v1,2672,a6u-fragment02-289,"[""munch-judgement-426""]",[426],1,5.044546604156494
munch-qwen3.5-9b-shared-q3-surprisal-target-item/v1,2745,a7s-fragment03-62,"[""munch-judgement-430""]",[430],1,5.797376394271851
munch-qwen3.5-9b-shared-q3-surprisal-target-item/v1,2768,a7s-fragment03-78,"[""munch-judgement-431"",""munch-judgement-432""]","[431,432]",2,1.5587457120418549
munch-qwen3.5-9b-shared-q3-surprisal-target-item/v1,2856,a7t-fragment01-22,"[""munch-judgement-434""]",[434],1,6.597571700811386
munch-qwen3.5-9b-shared-q3-surprisal-target-item/v1,2859,a7t-fragment01-23,"[""munch-judgement-435"",""munch-judgement-436"",""munch-judgement-437"",""munch-judgement-438""]","[435,436,437,438]",4,3.4069097489118576
munch-qwen3.5-9b-shared-q3-surprisal-target-item/v1,2878,a7t-fragment01-28,"[""munch-judgement-441""]",[441],1,2.5033065718598664
munch-qwen3.5-9b-shared-q3-surprisal-target-item/v1,2895,a7t-fragment01-33,"[""munch-judgement-442""]",[442],1,-3.3962808549404144
munch-qwen3.5-9b-shared-q3-surprisal-target-item/v1,2903,a7t-fragment01-34,"[""munch-judgement-443""]",[443],1,1.139747615903616
munch-qwen3.5-9b-shared-q3-surprisal-target-item/v1,2937,a7w-fragment01-2,"[""munch-judgement-444""]",[444],1,-0.0108163356781005
munch-qwen3.5-9b-shared-q3-surprisal-target-item/v1,2961,a7w-fragment01-8,"[""munch-judgement-445""]",[445],1,6.97511999309063
munch-qwen3.5-9b-shared-q3-surprisal-target-item/v1,2968,a7w-fragment01-10,"[""munch-judgement-446""]",[446],1,2.675137400627136
munch-qwen3.5-9b-shared-q3-surprisal-target-item/v1,3005,a7w-fragment01-16,"[""munch-judgement-447""]",[447],1,3.43582820892334
munch-qwen3.5-9b-shared-q3-surprisal-target-item/v1,3016,a7w-fragment01-17,"[""munch-judgement-448""]",[448],1,1.5070801377296448
munch-qwen3.5-9b-shared-q3-surprisal-target-item/v1,3021,a7w-fragment01-17,"[""munch-judgement-449""]",[449],1,6.271384000778198
munch-qwen3.5-9b-shared-q3-surprisal-target-item/v1,3022,a7w-fragment01-17,"[""munch-judgement-450""]",[450],1,4.7275002002716064
munch-qwen3.5-9b-shared-q3-surprisal-target-item/v1,3026,a7w-fragment01-18,"[""munch-judgement-452""]",[452],1,4.856417179107666
munch-qwen3.5-9b-shared-q3-surprisal-target-item/v1,3052,a7w-fragment01-32,"[""munch-judgement-455""]",[455],1,3.165845274925232
munch-qwen3.5-9b-shared-q3-surprisal-target-item/v1,3053,a7w-fragment01-33,"[""munch-judgement-456"",""munch-judgement-457""]","[456,457]",2,0.1844626814126968
munch-qwen3.5-9b-shared-q3-surprisal-target-item/v1,3081,a7w-fragment01-46,"[""munch-judgement-459""]",[459],1,-1.330565094947815
munch-qwen3.5-9b-shared-q3-surprisal-target-item/v1,3121,a7w-fragment01-62,"[""munch-judgement-460""]",[460],1,1.2018916942179203
munch-qwen3.5-9b-shared-q3-surprisal-target-item/v1,3127,a7w-fragment01-64,"[""munch-judgement-461"",""munch-judgement-462""]","[461,462]",2,3.845892131328583
munch-qwen3.5-9b-shared-q3-surprisal-target-item/v1,3156,a7w-fragment01-74,"[""munch-judgement-464""]",[464],1,0.3858784437179565
munch-qwen3.5-9b-shared-q3-surprisal-target-item/v1,3157,a7w-fragment01-76,"[""munch-judgement-465""]",[465],1,2.9212815575301647
munch-qwen3.5-9b-shared-q3-surprisal-target-item/v1,3178,a7y-fragment03-183,"[""munch-judgement-466""]",[466],1,7.885097227990627
munch-qwen3.5-9b-shared-q3-surprisal-target-item/v1,3179,a7y-fragment03-183,"[""munch-judgement-467""]",[467],1,1.0682419962249696
munch-qwen3.5-9b-shared-q3-surprisal-target-item/v1,3184,a7y-fragment03-185,"[""munch-judgement-468"",""munch-judgement-469""]","[468,469]",2,16.537045150995255
munch-qwen3.5-9b-shared-q3-surprisal-target-item/v1,3196,a7y-fragment03-191,"[""munch-judgement-471""]",[471],1,-0.1684610317461192
munch-qwen3.5-9b-shared-q3-surprisal-target-item/v1,3238,a7y-fragment03-208,"[""munch-judgement-472""]",[472],1,-3.8115256428718567
munch-qwen3.5-9b-shared-q3-surprisal-target-item/v1,3272,a80-fragment15-283,"[""munch-judgement-477""]",[477],1,5.443201899528503
munch-qwen3.5-9b-shared-q3-surprisal-target-item/v1,3289,a80-fragment15-295,"[""munch-judgement-478""]",[478],1,1.2302405834197998
munch-qwen3.5-9b-shared-q3-surprisal-target-item/v1,3294,a80-fragment15-297,"[""munch-judgement-479""]",[479],1,-0.3292784690856933
munch-qwen3.5-9b-shared-q3-surprisal-target-item/v1,3311,a8m-fragment02-64,"[""munch-judgement-480"",""munch-judgement-481""]","[480,481]",2,6.587608486413956
munch-qwen3.5-9b-shared-q3-surprisal-target-item/v1,3347,a8n-fragment19-315,"[""munch-judgement-484"",""munch-judgement-485""]","[484,485]",2,12.885910592973232
munch-qwen3.5-9b-shared-q3-surprisal-target-item/v1,3374,a8n-fragment19-325,"[""munch-judgement-490""]",[490],1,5.135830093524419
munch-qwen3.5-9b-shared-q3-surprisal-target-item/v1,3379,a8n-fragment19-328,"[""munch-judgement-491"",""munch-judgement-492""]","[491,492]",2,-2.64749875664711
munch-qwen3.5-9b-shared-q3-surprisal-target-item/v1,3386,a8n-fragment19-330,"[""munch-judgement-494""]",[494],1,1.6609102278016508
munch-qwen3.5-9b-shared-q3-surprisal-target-item/v1,3388,a8n-fragment19-333,"[""munch-judgement-495""]",[495],1,-1.726893186569214
munch-qwen3.5-9b-shared-q3-surprisal-target-item/v1,3465,a8r-fragment02-55,"[""munch-judgement-504"",""munch-judgement-505""]","[504,505]",2,0.0081279277801513
munch-qwen3.5-9b-shared-q3-surprisal-target-item/v1,3475,a8r-fragment02-59,"[""munch-judgement-507""]",[507],1,4.972431242465973
munch-qwen3.5-9b-shared-q3-surprisal-target-item/v1,3498,a8r-fragment02-68,"[""munch-judgement-508""]",[508],1,4.1703289449214935
munch-qwen3.5-9b-shared-q3-surprisal-target-item/v1,3504,a8u-fragment14-317,"[""munch-judgement-509""]",[509],1,15.991244077682495
munch-qwen3.5-9b-shared-q3-surprisal-target-item/v1,3521,a8u-fragment14-319,"[""munch-judgement-510"",""munch-judgement-511""]","[510,511]",2,4.452302306890488
munch-qwen3.5-9b-shared-q3-surprisal-target-item/v1,3542,a8u-fragment14-327,"[""munch-judgement-514""]",[514],1,0.8887839317321777
munch-qwen3.5-9b-shared-q3-surprisal-target-item/v1,3555,a8u-fragment14-331,"[""munch-judgement-515""]",[515],1,-0.7367597073316574
munch-qwen3.5-9b-shared-q3-surprisal-target-item/v1,3572,a8u-fragment14-336,"[""munch-judgement-516"",""munch-judgement-517""]","[516,517]",2,-0.0676277726888656
munch-qwen3.5-9b-shared-q3-surprisal-target-item/v1,3581,a8u-fragment14-342,"[""munch-judgement-519"",""munch-judgement-520""]","[519,520]",2,2.691432058811188
munch-qwen3.5-9b-shared-q3-surprisal-target-item/v1,3592,a8u-fragment14-349,"[""munch-judgement-522""]",[522],1,14.728295169770718
munch-qwen3.5-9b-shared-q3-surprisal-target-item/v1,3593,a8u-fragment14-351,"[""munch-judgement-523""]",[523],1,2.8124921917915344
munch-qwen3.5-9b-shared-q3-surprisal-target-item/v1,3607,a8u-fragment14-357,"[""munch-judgement-524""]",[524],1,5.3188793659210205
munch-qwen3.5-9b-shared-q3-surprisal-target-item/v1,3625,a98-fragment03-60,"[""munch-judgement-525""]",[525],1,0.1097145155072212
munch-qwen3.5-9b-shared-q3-surprisal-target-item/v1,3640,a98-fragment03-66,"[""munch-judgement-526""]",[526],1,8.240739643573761
munch-qwen3.5-9b-shared-q3-surprisal-target-item/v1,3641,a98-fragment03-66,"[""munch-judgement-527""]",[527],1,2.961015403270721
munch-qwen3.5-9b-shared-q3-surprisal-target-item/v1,3656,a98-fragment03-79,"[""munch-judgement-530"",""munch-judgement-531""]","[530,531]",2,8.061125189065933
munch-qwen3.5-9b-shared-q3-surprisal-target-item/v1,3702,a9j-fragment01-15,"[""munch-judgement-533""]",[533],1,-0.2880854904651642
munch-qwen3.5-9b-shared-q3-surprisal-target-item/v1,3723,a9j-fragment01-17,"[""munch-judgement-534""]",[534],1,-0.4398564398288727
munch-qwen3.5-9b-shared-q3-surprisal-target-item/v1,3751,a9j-fragment01-25,"[""munch-judgement-535""]",[535],1,1.3094316720962524
munch-qwen3.5-9b-shared-q3-surprisal-target-item/v1,3771,a9j-fragment01-32,"[""munch-judgement-540""]",[540],1,8.419174939393997
munch-qwen3.5-9b-shared-q3-surprisal-target-item/v1,3809,a9j-fragment01-47,"[""munch-judgement-542"",""munch-judgement-543""]","[542,543]",2,1.7791707515716553
munch-qwen3.5-9b-shared-q3-surprisal-target-item/v1,3817,a9j-fragment01-48,"[""munch-judgement-546""]",[546],1,6.819972038269043
munch-qwen3.5-9b-shared-q3-surprisal-target-item/v1,3824,a9j-fragment01-50,"[""munch-judgement-547""]",[547],1,-1.459208406507969
munch-qwen3.5-9b-shared-q3-surprisal-target-item/v1,3847,a9j-fragment01-57,"[""munch-judgement-549""]",[549],1,3.701953306794167
munch-qwen3.5-9b-shared-q3-surprisal-target-item/v1,3878,a9j-fragment01-67,"[""munch-judgement-550""]",[550],1,2.9609413743019104
munch-qwen3.5-9b-shared-q3-surprisal-target-item/v1,3919,aa3-fragment08-220,"[""munch-judgement-551""]",[551],1,3.5317654609680176
munch-qwen3.5-9b-shared-q3-surprisal-target-item/v1,3932,aa3-fragment08-227,"[""munch-judgement-552"",""munch-judgement-553""]","[552,553]",2,4.591691911220551
munch-qwen3.5-9b-shared-q3-surprisal-target-item/v1,3937,aa3-fragment08-229,"[""munch-judgement-555""]",[555],1,8.525034099817276
munch-qwen3.5-9b-shared-q3-surprisal-target-item/v1,3941,aa3-fragment08-229,"[""munch-judgement-556"",""munch-judgement-557""]","[556,557]",2,0.5262390971183777
munch-qwen3.5-9b-shared-q3-surprisal-target-item/v1,3945,aa3-fragment08-231,"[""munch-judgement-559""]",[559],1,8.230803027749062
munch-qwen3.5-9b-shared-q3-surprisal-target-item/v1,3961,aa3-fragment08-237,"[""munch-judgement-560"",""munch-judgement-561""]","[560,561]",2,2.5242957770824432
munch-qwen3.5-9b-shared-q3-surprisal-target-item/v1,3963,aa3-fragment08-238,"[""munch-judgement-563""]",[563],1,3.708420932292938
munch-qwen3.5-9b-shared-q3-surprisal-target-item/v1,3968,aa3-fragment08-241,"[""munch-judgement-564""]",[564],1,8.845362849533558
munch-qwen3.5-9b-shared-q3-surprisal-target-item/v1,3980,aa3-fragment08-246,"[""munch-judgement-568"",""munch-judgement-569""]","[568,569]",2,3.116587959928438
munch-qwen3.5-9b-shared-q3-surprisal-target-item/v1,3998,ab9-fragment03-796,"[""munch-judgement-571""]",[571],1,0.12863290309906
munch-qwen3.5-9b-shared-q3-surprisal-target-item/v1,3999,ab9-fragment03-796,"[""munch-judgement-572""]",[572],1,2.4141276478767395
munch-qwen3.5-9b-shared-q3-surprisal-target-item/v1,4020,ab9-fragment03-809,"[""munch-judgement-573"",""munch-judgement-574"",""munch-judgement-575""]","[573,574,575]",3,0.5452123880386353
munch-qwen3.5-9b-shared-q3-surprisal-target-item/v1,4025,ab9-fragment03-812,"[""munch-judgement-579""]",[579],1,2.557237386703491
munch-qwen3.5-9b-shared-q3-surprisal-target-item/v1,4039,ab9-fragment03-836,"[""munch-judgement-580"",""munch-judgement-581""]","[580,581]",2,2.2058860659599304
munch-qwen3.5-9b-shared-q3-surprisal-target-item/v1,4049,ab9-fragment03-847,"[""munch-judgement-583""]",[583],1,8.885285139083862
munch-qwen3.5-9b-shared-q3-surprisal-target-item/v1,4071,ab9-fragment03-877,"[""munch-judgement-586""]",[586],1,1.1091203689575195
munch-qwen3.5-9b-shared-q3-surprisal-target-item/v1,4074,ab9-fragment03-883,"[""munch-judgement-587""]",[587],1,0.2739607095718384
munch-qwen3.5-9b-shared-q3-surprisal-target-item/v1,4101,ab9-fragment03-904,"[""munch-judgement-588""]",[588],1,-0.3086056709289551
munch-qwen3.5-9b-shared-q3-surprisal-target-item/v1,4125,ab9-fragment03-916,"[""munch-judgement-589""]",[589],1,4.670246183872223
munch-qwen3.5-9b-shared-q3-surprisal-target-item/v1,4135,ab9-fragment03-933,"[""munch-judgement-590""]",[590],1,1.1472985297441485
munch-qwen3.5-9b-shared-q3-surprisal-target-item/v1,4146,ab9-fragment03-937,"[""munch-judgement-591""]",[591],1,5.444101810455322
munch-qwen3.5-9b-shared-q3-surprisal-target-item/v1,4148,ab9-fragment03-937,"[""munch-judgement-592""]",[592],1,-0.0519291162490844
munch-qwen3.5-9b-shared-q3-surprisal-target-item/v1,4154,ab9-fragment03-940,"[""munch-judgement-593""]",[593],1,6.148709774017334
munch-qwen3.5-9b-shared-q3-surprisal-target-item/v1,4194,ab9-fragment03-956,"[""munch-judgement-597""]",[597],1,7.127098023891449
munch-qwen3.5-9b-shared-q3-surprisal-target-item/v1,4198,ab9-fragment03-958,"[""munch-judgement-598""]",[598],1,8.983603119850159
munch-qwen3.5-9b-shared-q3-surprisal-target-item/v1,4210,ab9-fragment03-965,"[""munch-judgement-603"",""munch-judgement-604""]","[603,604]",2,2.8134855777025223
munch-qwen3.5-9b-shared-q3-surprisal-target-item/v1,4211,ab9-fragment03-965,"[""munch-judgement-606""]",[606],1,2.520824432373047
munch-qwen3.5-9b-shared-q3-surprisal-target-item/v1,4217,ab9-fragment03-966,"[""munch-judgement-607""]",[607],1,2.695621132850647
munch-qwen3.5-9b-shared-q3-surprisal-target-item/v1,4229,ab9-fragment03-967,"[""munch-judgement-608""]",[608],1,1.4245562553405762
munch-qwen3.5-9b-shared-q3-surprisal-target-item/v1,4251,ab9-fragment03-974,"[""munch-judgement-609"",""munch-judgement-610"",""munch-judgement-611"",""munch-judgement-612""]","[609,610,611,612]",4,4.373907268047333
munch-qwen3.5-9b-shared-q3-surprisal-target-item/v1,4288,ab9-fragment03-990,"[""munch-judgement-615""]",[615],1,2.7216291427612305
munch-qwen3.5-9b-shared-q3-surprisal-target-item/v1,4320,ab9-fragment03-1012,"[""munch-judgement-616""]",[616],1,-0.179009199142456
munch-qwen3.5-9b-shared-q3-surprisal-target-item/v1,4321,ab9-fragment03-1013,"[""munch-judgement-617""]",[617],1,2.744850873947144
munch-qwen3.5-9b-shared-q3-surprisal-target-item/v1,4336,ac2-fragment06-1270,"[""munch-judgement-618""]",[618],1,2.8427966833114624
munch-qwen3.5-9b-shared-q3-surprisal-target-item/v1,4350,ac2-fragment06-1283,"[""munch-judgement-620"",""munch-judgement-621""]","[620,621]",2,-0.9276810884475708
munch-qwen3.5-9b-shared-q3-surprisal-target-item/v1,4356,ac2-fragment06-1294,"[""munch-judgement-623"",""munch-judgement-624""]","[623,624]",2,0.8137732744216919
munch-qwen3.5-9b-shared-q3-surprisal-target-item/v1,4390,ac2-fragment06-1361,"[""munch-judgement-627""]",[627],1,4.019502103328705
munch-qwen3.5-9b-shared-q3-surprisal-target-item/v1,4403,ac2-fragment06-1385,"[""munch-judgement-628""]",[628],1,-1.103858470916748
munch-qwen3.5-9b-shared-q3-surprisal-target-item/v1,4407,ac2-fragment06-1389,"[""munch-judgement-629""]",[629],1,1.1502844095230105
munch-qwen3.5-9b-shared-q3-surprisal-target-item/v1,4446,ac2-fragment06-1434,"[""munch-judgement-635""]",[635],1,-2.012741446495056
munch-qwen3.5-9b-shared-q3-surprisal-target-item/v1,4492,ac2-fragment06-1474,"[""munch-judgement-636""]",[636],1,2.0424426570534706
munch-qwen3.5-9b-shared-q3-surprisal-target-item/v1,4517,ac2-fragment06-1495,"[""munch-judgement-638""]",[638],1,2.408932447433472
munch-qwen3.5-9b-shared-q3-surprisal-target-item/v1,4551,ac2-fragment06-1530,"[""munch-judgement-641""]",[641],1,4.099675297737122
munch-qwen3.5-9b-shared-q3-surprisal-target-item/v1,4567,ac2-fragment06-1562,"[""munch-judgement-643"",""munch-judgement-644""]","[643,644]",2,6.771005153656006
munch-qwen3.5-9b-shared-q3-surprisal-target-item/v1,4573,ac2-fragment06-1578,"[""munch-judgement-646""]",[646],1,5.347648948431015
munch-qwen3.5-9b-shared-q3-surprisal-target-item/v1,4587,acj-fragment01-3,"[""munch-judgement-647""]",[647],1,0.0977755477651953
munch-qwen3.5-9b-shared-q3-surprisal-target-item/v1,4601,acj-fragment01-8,"[""munch-judgement-648"",""munch-judgement-649"",""munch-judgement-650""]","[648,649,650]",3,3.0000769340743623
munch-qwen3.5-9b-shared-q3-surprisal-target-item/v1,4617,acj-fragment01-16,"[""munch-judgement-654"",""munch-judgement-655""]","[654,655]",2,3.23776476085186
munch-qwen3.5-9b-shared-q3-surprisal-target-item/v1,4622,acj-fragment01-17,"[""munch-judgement-657"",""munch-judgement-658""]","[657,658]",2,1.540553629398346
munch-qwen3.5-9b-shared-q3-surprisal-target-item/v1,4691,acj-fragment01-45,"[""munch-judgement-660""]",[660],1,1.7398426085710526
munch-qwen3.5-9b-shared-q3-surprisal-target-item/v1,4706,acj-fragment01-50,"[""munch-judgement-661"",""munch-judgement-662""]","[661,662]",2,6.177393093705177
munch-qwen3.5-9b-shared-q3-surprisal-target-item/v1,4710,acj-fragment01-51,"[""munch-judgement-664""]",[664],1,8.131174564361572
munch-qwen3.5-9b-shared-q3-surprisal-target-item/v1,4713,acj-fragment01-52,"[""munch-judgement-665""]",[665],1,-6.069857120513916
munch-qwen3.5-9b-shared-q3-surprisal-target-item/v1,4743,acj-fragment01-64,"[""munch-judgement-666""]",[666],1,-0.6887161880731583
munch-qwen3.5-9b-shared-q3-surprisal-target-item/v1,4751,acj-fragment01-67,"[""munch-judgement-667""]",[667],1,0.199723482131958
munch-qwen3.5-9b-shared-q3-surprisal-target-item/v1,4759,acj-fragment01-69,"[""munch-judgement-668"",""munch-judgement-669""]","[668,669]",2,5.981685280799866
munch-qwen3.5-9b-shared-q3-surprisal-target-item/v1,4766,acj-fragment01-70,"[""munch-judgement-671"",""munch-judgement-672""]","[671,672]",2,0.851858913898468
munch-qwen3.5-9b-shared-q3-surprisal-target-item/v1,4775,acj-fragment01-73,"[""munch-judgement-674""]",[674],1,3.2602517530322075
munch-qwen3.5-9b-shared-q3-surprisal-target-item/v1,4812,acj-fragment01-95,"[""munch-judgement-678"",""munch-judgement-679""]","[678,679]",2,3.8002844154834743
munch-qwen3.5-9b-shared-q3-surprisal-target-item/v1,4815,acj-fragment01-98,"[""munch-judgement-681""]",[681],1,4.266000345349312
munch-qwen3.5-9b-shared-q3-surprisal-target-item/v1,4823,acj-fragment01-101,"[""munch-judgement-682""]",[682],1,2.880634352564812
munch-qwen3.5-9b-shared-q3-surprisal-target-item/v1,4842,acj-fragment01-107,"[""munch-judgement-683""]",[683],1,4.168777734041214
munch-qwen3.5-9b-shared-q3-surprisal-target-item/v1,4868,acj-fragment01-115,"[""munch-judgement-684""]",[684],1,7.562954902648926
munch-qwen3.5-9b-shared-q3-surprisal-target-item/v1,4876,acj-fragment01-118,"[""munch-judgement-685""]",[685],1,0.5215484797954559
munch-qwen3.5-9b-shared-q3-surprisal-target-item/v1,4888,acj-fragment01-124,"[""munch-judgement-686"",""munch-judgement-687""]","[686,687]",2,-0.3675559610128402
munch-qwen3.5-9b-shared-q3-surprisal-target-item/v1,4890,acj-fragment01-124,"[""munch-judgement-689""]",[689],1,-1.266171932220459
munch-qwen3.5-9b-shared-q3-surprisal-target-item/v1,4891,acj-fragment01-126,"[""munch-judgement-690"",""munch-judgement-691""]","[690,691]",2,8.569004535675049
munch-qwen3.5-9b-shared-q3-surprisal-target-item/v1,4914,acj-fragment01-134,"[""munch-judgement-693""]",[693],1,4.16062918305397
munch-qwen3.5-9b-shared-q3-surprisal-target-item/v1,4919,acj-fragment01-135,"[""munch-judgement-694""]",[694],1,6.490036603063345
munch-qwen3.5-9b-shared-q3-surprisal-target-item/v1,4939,acj-fragment01-138,"[""munch-judgement-695""]",[695],1,3.881728395819664
munch-qwen3.5-9b-shared-q3-surprisal-target-item/v1,4941,acj-fragment01-138,"[""munch-judgement-696""]",[696],1,0.5760713815689087
munch-qwen3.5-9b-shared-q3-surprisal-target-item/v1,4948,acj-fragment01-139,"[""munch-judgement-697"",""munch-judgement-698""]","[697,698]",2,2.031848132610321
munch-qwen3.5-9b-shared-q3-surprisal-target-item/v1,4958,acj-fragment01-142,"[""munch-judgement-700""]",[700],1,1.4064562022686005
munch-qwen3.5-9b-shared-q3-surprisal-target-item/v1,4962,acj-fragment01-142,"[""munch-judgement-701""]",[701],1,0.2800536099821329
munch-qwen3.5-9b-shared-q3-surprisal-target-item/v1,4972,acj-fragment01-145,"[""munch-judgement-702"",""munch-judgement-703""]","[702,703]",2,2.8697285652160645
munch-qwen3.5-9b-shared-q3-surprisal-target-item/v1,4982,acj-fragment01-149,"[""munch-judgement-705""]",[705],1,-0.3344747424125671
munch-qwen3.5-9b-shared-q3-surprisal-target-item/v1,5015,ahb-fragment51-719,"[""munch-judgement-706""]",[706],1,2.871060609817505
munch-qwen3.5-9b-shared-q3-surprisal-target-item/v1,5046,ahb-fragment51-738,"[""munch-judgement-707""]",[707],1,0.5155875086784363
munch-qwen3.5-9b-shared-q3-surprisal-target-item/v1,5099,ahc-fragment60-1218,"[""munch-judgement-710""]",[710],1,-0.1312728822231292
munch-qwen3.5-9b-shared-q3-surprisal-target-item/v1,5158,ahc-fragment60-1243,"[""munch-judgement-711"",""munch-judgement-712""]","[711,712]",2,0.8003864288330078
munch-qwen3.5-9b-shared-q3-surprisal-target-item/v1,5198,ahc-fragment61-1264,"[""munch-judgement-714""]",[714],1,6.490513172000647
munch-qwen3.5-9b-shared-q3-surprisal-target-item/v1,5203,ahc-fragment61-1265,"[""munch-judgement-715"",""munch-judgement-716""]","[715,716]",2,-0.0293132031802088
munch-qwen3.5-9b-shared-q3-surprisal-target-item/v1,5253,ahc-fragment61-1293,"[""munch-judgement-718"",""munch-judgement-719""]","[718,719]",2,-0.3613754510879516
munch-qwen3.5-9b-shared-q3-surprisal-target-item/v1,5272,ahd-fragment06-53,"[""munch-judgement-721""]",[721],1,10.348034836351871
munch-qwen3.5-9b-shared-q3-surprisal-target-item/v1,5305,ahe-fragment03-43,"[""munch-judgement-722""]",[722],1,8.729594230651855
munch-qwen3.5-9b-shared-q3-surprisal-target-item/v1,5308,ahe-fragment03-44,"[""munch-judgement-723"",""munch-judgement-724""]","[723,724]",2,2.2516061067581177
munch-qwen3.5-9b-shared-q3-surprisal-target-item/v1,5329,ahf-fragment24-552,"[""munch-judgement-726""]",[726],1,0.3214150741696358
munch-qwen3.5-9b-shared-q3-surprisal-target-item/v1,5398,ahf-fragment24-597,"[""munch-judgement-728"",""munch-judgement-729""]","[728,729]",2,2.552935227751732
munch-qwen3.5-9b-shared-q3-surprisal-target-item/v1,5399,ahf-fragment24-597,"[""munch-judgement-731"",""munch-judgement-732""]","[731,732]",2,0.6732434034347534
munch-qwen3.5-9b-shared-q3-surprisal-target-item/v1,5408,ahf-fragment63-1160,"[""munch-judgement-734""]",[734],1,-1.1909164190292358
munch-qwen3.5-9b-shared-q3-surprisal-target-item/v1,5423,ahf-fragment63-1173,"[""munch-judgement-735"",""munch-judgement-736""]","[735,736]",2,-4.586837291717529
munch-qwen3.5-9b-shared-q3-surprisal-target-item/v1,5460,ahf-fragment63-1189,"[""munch-judgement-738"",""munch-judgement-739""]","[738,739]",2,3.482941385358572
munch-qwen3.5-9b-shared-q3-surprisal-target-item/v1,5485,ahf-fragment63-1202,"[""munch-judgement-741""]",[741],1,5.1445406675338745
munch-qwen3.5-9b-shared-q3-surprisal-target-item/v1,5487,ahf-fragment63-1203,"[""munch-judgement-742"",""munch-judgement-743""]","[742,743]",2,1.9883363246917725
munch-qwen3.5-9b-shared-q3-surprisal-target-item/v1,5523,ahf-fragment63-1217,"[""munch-judgement-745""]",[745],1,7.198203474283218
munch-qwen3.5-9b-shared-q3-surprisal-target-item/v1,5532,ahf-fragment63-1225,"[""munch-judgement-746"",""munch-judgement-748""]","[746,748]",2,-4.451166987419128
munch-qwen3.5-9b-shared-q3-surprisal-target-item/v1,5580,ahl-fragment02-27,"[""munch-judgement-760"",""munch-judgement-761""]","[760,761]",2,-3.718163912344608
munch-qwen3.5-9b-shared-q3-surprisal-target-item/v1,5653,al0-fragment06-182,"[""munch-judgement-764""]",[764],1,-1.3535416685044763
munch-qwen3.5-9b-shared-q3-surprisal-target-item/v1,5666,al0-fragment06-187,"[""munch-judgement-765""]",[765],1,5.080426692962647
munch-qwen3.5-9b-shared-q3-surprisal-target-item/v1,5674,al0-fragment06-194,"[""munch-judgement-766""]",[766],1,5.045805893838406
munch-qwen3.5-9b-shared-q3-surprisal-target-item/v1,5677,al0-fragment06-198,"[""munch-judgement-767""]",[767],1,0.5253452807664871
munch-qwen3.5-9b-shared-q3-surprisal-target-item/v1,5683,al0-fragment06-200,"[""munch-judgement-768""]",[768],1,6.4663148913532495
munch-qwen3.5-9b-shared-q3-surprisal-target-item/v1,5687,al2-fragment16-174,"[""munch-judgement-769"",""munch-judgement-770"",""munch-judgement-771"",""munch-judgement-772""]","[769,770,771,772]",4,-0.5988412201404572
munch-qwen3.5-9b-shared-q3-surprisal-target-item/v1,5697,al2-fragment16-178,"[""munch-judgement-776"",""munch-judgement-777"",""munch-judgement-778"",""munch-judgement-779"",""munch-judgement-780""]","[776,777,778,779,780]",5,7.068827605247497
munch-qwen3.5-9b-shared-q3-surprisal-target-item/v1,5701,al2-fragment16-178,"[""munch-judgement-791"",""munch-judgement-792""]","[791,792]",2,1.6392230085330084
munch-qwen3.5-9b-shared-q3-surprisal-target-item/v1,5706,al2-fragment16-179,"[""munch-judgement-794""]",[794],1,0.5472778156399727
munch-qwen3.5-9b-shared-q3-surprisal-target-item/v1,5729,al2-fragment16-183,"[""munch-judgement-796"",""munch-judgement-797""]","[796,797]",2,-1.1603854894638062
munch-qwen3.5-9b-shared-q3-surprisal-target-item/v1,5747,al2-fragment16-185,"[""munch-judgement-802"",""munch-judgement-803"",""munch-judgement-804""]","[802,803,804]",3,6.379614929358165
munch-qwen3.5-9b-shared-q3-surprisal-target-item/v1,5761,al2-fragment23-254,"[""munch-judgement-808"",""munch-judgement-809""]","[808,809]",2,2.549714754568413
munch-qwen3.5-9b-shared-q3-surprisal-target-item/v1,5775,al2-fragment23-257,"[""munch-judgement-811"",""munch-judgement-812""]","[811,812]",2,0.6237690448760986
munch-qwen3.5-9b-shared-q3-surprisal-target-item/v1,5780,al2-fragment23-257,"[""munch-judgement-814""]",[814],1,0.7062814235687256
munch-qwen3.5-9b-shared-q3-surprisal-target-item/v1,5813,al2-fragment23-266,"[""munch-judgement-815""]",[815],1,1.9206793904304504
munch-qwen3.5-9b-shared-q3-surprisal-target-item/v1,5842,al5-fragment03-21,"[""munch-judgement-817""]",[817],1,12.11128717660904
munch-qwen3.5-9b-shared-q3-surprisal-target-item/v1,5846,al5-fragment03-24,"[""munch-judgement-818""]",[818],1,3.4718120098114014
munch-qwen3.5-9b-shared-q3-surprisal-target-item/v1,5881,al5-fragment03-39,"[""munch-judgement-819""]",[819],1,3.57916272059083
munch-qwen3.5-9b-shared-q3-surprisal-target-item/v1,5898,al5-fragment03-43,"[""munch-judgement-821"",""munch-judgement-822""]","[821,822]",2,2.95071804523468
munch-qwen3.5-9b-shared-q3-surprisal-target-item/v1,5908,al5-fragment03-46,"[""munch-judgement-824""]",[824],1,7.90543782711029
munch-qwen3.5-9b-shared-q3-surprisal-target-item/v1,5924,alp-fragment01-6,"[""munch-judgement-825""]",[825],1,-0.4747269749641418
munch-qwen3.5-9b-shared-q3-surprisal-target-item/v1,5947,alp-fragment01-15,"[""munch-judgement-827""]",[827],1,1.6997712585143745
munch-qwen3.5-9b-shared-q3-surprisal-target-item/v1,5954,alp-fragment01-17,"[""munch-judgement-828""]",[828],1,2.934118628501892
munch-qwen3.5-9b-shared-q3-surprisal-target-item/v1,5957,alp-fragment01-18,"[""munch-judgement-829""]",[829],1,1.6126733608543873
munch-qwen3.5-9b-shared-q3-surprisal-target-item/v1,5977,alp-fragment01-22,"[""munch-judgement-830""]",[830],1,19.875692900270224
munch-qwen3.5-9b-shared-q3-surprisal-target-item/v1,5980,alp-fragment01-25,"[""munch-judgement-831""]",[831],1,0.5088728070259094
munch-qwen3.5-9b-shared-q3-surprisal-target-item/v1,6003,alp-fragment01-32,"[""munch-judgement-835"",""munch-judgement-836""]","[835,836]",2,5.472573518753052
munch-qwen3.5-9b-shared-q3-surprisal-target-item/v1,6013,alp-fragment01-36,"[""munch-judgement-838""]",[838],1,-2.728819251060486
munch-qwen3.5-9b-shared-q3-surprisal-target-item/v1,6023,alp-fragment01-40,"[""munch-judgement-839"",""munch-judgement-840""]","[839,840]",2,-0.1392706036567688
munch-qwen3.5-9b-shared-q3-surprisal-target-item/v1,6032,alp-fragment01-45,"[""munch-judgement-842"",""munch-judgement-843""]","[842,843]",2,0.9376610957551748
munch-qwen3.5-9b-shared-q3-surprisal-target-item/v1,6037,alp-fragment01-47,"[""munch-judgement-845"",""munch-judgement-846""]","[845,846]",2,4.081331938505173
munch-qwen3.5-9b-shared-q3-surprisal-target-item/v1,6050,alp-fragment01-56,"[""munch-judgement-848"",""munch-judgement-849""]","[848,849]",2,1.502172864973545
munch-qwen3.5-9b-shared-q3-surprisal-target-item/v1,6052,alp-fragment01-57,"[""munch-judgement-851""]",[851],1,-0.9068441390991212
munch-qwen3.5-9b-shared-q3-surprisal-target-item/v1,6059,alp-fragment01-58,"[""munch-judgement-852"",""munch-judgement-853""]","[852,853]",2,0.9301295876502992
munch-qwen3.5-9b-shared-q3-surprisal-target-item/v1,6063,alp-fragment01-60,"[""munch-judgement-855""]",[855],1,1.4098809682764113
munch-qwen3.5-9b-shared-q3-surprisal-target-item/v1,6089,alp-fragment01-67,"[""munch-judgement-856""]",[856],1,4.157545626163483
munch-qwen3.5-9b-shared-q3-surprisal-target-item/v1,6114,alp-fragment01-83,"[""munch-judgement-857"",""munch-judgement-858""]","[857,858]",2,-0.6726949214935303
munch-qwen3.5-9b-shared-q3-surprisal-target-item/v1,6142,alp-fragment01-93,"[""munch-judgement-860""]",[860],1,0.2516109943389892
munch-qwen3.5-9b-shared-q3-surprisal-target-item/v1,6159,alp-fragment01-100,"[""munch-judgement-862"",""munch-judgement-863""]","[862,863]",2,6.2460548877716064
munch-qwen3.5-9b-shared-q3-surprisal-target-item/v1,6163,amm-fragment02-1594,"[""munch-judgement-865""]",[865],1,-4.4543997794389725
munch-qwen3.5-9b-shared-q3-surprisal-target-item/v1,6180,amm-fragment02-1598,"[""munch-judgement-866"",""munch-judgement-867""]","[866,867]",2,3.0171537855640054
munch-qwen3.5-9b-shared-q3-surprisal-target-item/v1,6195,amm-fragment02-1606,"[""munch-judgement-869""]",[869],1,0.7850646451115608
munch-qwen3.5-9b-shared-q3-surprisal-target-item/v1,6210,amm-fragment02-1615,"[""munch-judgement-870""]",[870],1,-0.9361744038760662
munch-qwen3.5-9b-shared-q3-surprisal-target-item/v1,6214,amm-fragment02-1616,"[""munch-judgement-871"",""munch-judgement-872""]","[871,872]",2,4.2640173733234406
munch-qwen3.5-9b-shared-q3-surprisal-target-item/v1,6293,amm-fragment02-1669,"[""munch-judgement-875"",""munch-judgement-876""]","[875,876]",2,2.2047660648822784
munch-qwen3.5-9b-shared-q3-surprisal-target-item/v1,6332,amm-fragment02-1741,"[""munch-judgement-878"",""munch-judgement-879""]","[878,879]",2,0.0875821840018034
munch-qwen3.5-9b-shared-q3-surprisal-target-item/v1,6337,amm-fragment02-1743,"[""munch-judgement-881""]",[881],1,0.5951555743813515
munch-qwen3.5-9b-shared-q3-surprisal-target-item/v1,6351,amm-fragment02-1753,"[""munch-judgement-882""]",[882],1,3.4407296180725098
munch-qwen3.5-9b-shared-q3-surprisal-target-item/v1,6357,amm-fragment02-1758,"[""munch-judgement-883"",""munch-judgement-884"",""munch-judgement-885""]","[883,884,885]",3,-0.2008897364139557
munch-qwen3.5-9b-shared-q3-surprisal-target-item/v1,6373,amm-fragment02-1769,"[""munch-judgement-889""]",[889],1,1.9499531984329224
munch-qwen3.5-9b-shared-q3-surprisal-target-item/v1,6392,amm-fragment02-1779,"[""munch-judgement-890""]",[890],1,0.5350903279613703
munch-qwen3.5-9b-shared-q3-surprisal-target-item/v1,6396,amm-fragment02-1781,"[""munch-judgement-891""]",[891],1,1.447696179151535
munch-qwen3.5-9b-shared-q3-surprisal-target-item/v1,6405,amm-fragment02-1786,"[""munch-judgement-892"",""munch-judgement-893""]","[892,893]",2,-2.95220148563385
munch-qwen3.5-9b-shared-q3-surprisal-target-item/v1,6420,amm-fragment02-1789,"[""munch-judgement-895""]",[895],1,-1.4876869320869446
munch-qwen3.5-9b-shared-q3-surprisal-target-item/v1,6424,as6-fragment01-4,"[""munch-judgement-896""]",[896],1,2.594091892242432
munch-qwen3.5-9b-shared-q3-surprisal-target-item/v1,6430,as6-fragment01-5,"[""munch-judgement-897""]",[897],1,-0.3612074367702007
munch-qwen3.5-9b-shared-q3-surprisal-target-item/v1,6449,as6-fragment01-11,"[""munch-judgement-898""]",[898],1,5.791213584365323
munch-qwen3.5-9b-shared-q3-surprisal-target-item/v1,6459,as6-fragment01-14,"[""munch-judgement-899""]",[899],1,1.5418047532439232
munch-qwen3.5-9b-shared-q3-surprisal-target-item/v1,6461,as6-fragment01-14,"[""munch-judgement-900"",""munch-judgement-901"",""munch-judgement-902""]","[900,901,902]",3,3.134646246675402
munch-qwen3.5-9b-shared-q3-surprisal-target-item/v1,6473,as6-fragment01-17,"[""munch-judgement-906"",""munch-judgement-907""]","[906,907]",2,1.3913442310877144
munch-qwen3.5-9b-shared-q3-surprisal-target-item/v1,6481,as6-fragment01-19,"[""munch-judgement-909""]",[909],1,6.51109504699707
munch-qwen3.5-9b-shared-q3-surprisal-target-item/v1,6489,as6-fragment01-21,"[""munch-judgement-910""]",[910],1,2.3678059378289618
munch-qwen3.5-9b-shared-q3-surprisal-target-item/v1,6491,as6-fragment01-21,"[""munch-judgement-911"",""munch-judgement-912""]","[911,912]",2,-0.0970514416694641
munch-qwen3.5-9b-shared-q3-surprisal-target-item/v1,6520,as6-fragment01-29,"[""munch-judgement-914""]",[914],1,1.102388620376587
munch-qwen3.5-9b-shared-q3-surprisal-target-item/v1,6551,as6-fragment01-38,"[""munch-judgement-915"",""munch-judgement-916""]","[915,916]",2,-5.476963549852371
munch-qwen3.5-9b-shared-q3-surprisal-target-item/v1,6559,as6-fragment01-40,"[""munch-judgement-918""]",[918],1,9.091632068157196
munch-qwen3.5-9b-shared-q3-surprisal-target-item/v1,6561,as6-fragment01-40,"[""munch-judgement-919""]",[919],1,2.014843373559416
munch-qwen3.5-9b-shared-q3-surprisal-target-item/v1,6576,as6-fragment01-47,"[""munch-judgement-920"",""munch-judgement-921"",""munch-judgement-922"",""munch-judgement-923""]","[920,921,922,923]",4,3.612490102648735
munch-qwen3.5-9b-shared-q3-surprisal-target-item/v1,6590,as6-fragment01-51,"[""munch-judgement-930"",""munch-judgement-931""]","[930,931]",2,4.2734388234093785
munch-qwen3.5-9b-shared-q3-surprisal-target-item/v1,6594,as6-fragment01-53,"[""munch-judgement-933""]",[933],1,5.634068608283997
munch-qwen3.5-9b-shared-q3-surprisal-target-item/v1,6602,as6-fragment01-62,"[""munch-judgement-934"",""munch-judgement-935"",""munch-judgement-936"",""munch-judgement-937""]","[934,935,936,937]",4,6.0714888870716095
munch-qwen3.5-9b-shared-q3-surprisal-target-item/v1,6603,as6-fragment01-62,"[""munch-judgement-944"",""munch-judgement-945""]","[944,945]",2,4.143116623163223
munch-qwen3.5-9b-shared-q3-surprisal-target-item/v1,6607,as6-fragment01-63,"[""munch-judgement-947"",""munch-judgement-948""]","[947,948]",2,-0.5064640045166016
munch-qwen3.5-9b-shared-q3-surprisal-target-item/v1,6611,as6-fragment01-68,"[""munch-judgement-950"",""munch-judgement-951""]","[950,951]",2,5.741965010762215
munch-qwen3.5-9b-shared-q3-surprisal-target-item/v1,6633,as6-fragment01-71,"[""munch-judgement-954""]",[954],1,2.037611722946167
munch-qwen3.5-9b-shared-q3-surprisal-target-item/v1,6653,as6-fragment01-76,"[""munch-judgement-955"",""munch-judgement-956"",""munch-judgement-957"",""munch-judgement-958""]","[955,956,957,958]",4,1.038382053375244
munch-qwen3.5-9b-shared-q3-surprisal-target-item/v1,6663,as6-fragment01-77,"[""munch-judgement-961"",""munch-judgement-962""]","[961,962]",2,4.54871217533946
munch-qwen3.5-9b-shared-q3-surprisal-target-item/v1,6665,as6-fragment01-78,"[""munch-judgement-964""]",[964],1,1.0179859399795532
munch-qwen3.5-9b-shared-q3-surprisal-target-item/v1,6667,as6-fragment01-79,"[""munch-judgement-965""]",[965],1,1.419047977775335
munch-qwen3.5-9b-shared-q3-surprisal-target-item/v1,6675,as6-fragment01-81,"[""munch-judgement-966""]",[966],1,1.532672882080078
munch-qwen3.5-9b-shared-q3-surprisal-target-item/v1,6689,as6-fragment01-84,"[""munch-judgement-967"",""munch-judgement-968""]","[967,968]",2,0.6833793073892593
munch-qwen3.5-9b-shared-q3-surprisal-target-item/v1,6700,as6-fragment01-85,"[""munch-judgement-970"",""munch-judgement-971""]","[970,971]",2,4.336430251598358
munch-qwen3.5-9b-shared-q3-surprisal-target-item/v1,6745,as6-fragment01-98,"[""munch-judgement-974"",""munch-judgement-975""]","[974,975]",2,10.715267837047575
munch-qwen3.5-9b-shared-q3-surprisal-target-item/v1,6760,as6-fragment01-103,"[""munch-judgement-980""]",[980],1,12.456716902554035
munch-qwen3.5-9b-shared-q3-surprisal-target-item/v1,6770,as6-fragment01-104,"[""munch-judgement-981"",""munch-judgement-982""]","[981,982]",2,1.787513418588787
munch-qwen3.5-9b-shared-q3-surprisal-target-item/v1,6797,as6-fragment01-110,"[""munch-judgement-984""]",[984],1,0.0768712237477302
munch-qwen3.5-9b-shared-q3-surprisal-target-item/v1,6829,as6-fragment01-116,"[""munch-judgement-985"",""munch-judgement-986""]","[985,986]",2,0.7504310458898544
munch-qwen3.5-9b-shared-q3-surprisal-target-item/v1,6871,as6-fragment02-356,"[""munch-judgement-988"",""munch-judgement-989""]","[988,989]",2,5.763552412390709
munch-qwen3.5-9b-shared-q3-surprisal-target-item/v1,6879,as6-fragment02-358,"[""munch-judgement-991""]",[991],1,0.955086886882782
munch-qwen3.5-9b-shared-q3-surprisal-target-item/v1,6880,as6-fragment02-358,"[""munch-judgement-992""]",[992],1,0.2633417844772339
munch-qwen3.5-9b-shared-q3-surprisal-target-item/v1,6883,as6-fragment02-359,"[""munch-judgement-993""]",[993],1,8.739635020494461
munch-qwen3.5-9b-shared-q3-surprisal-target-item/v1,6908,as6-fragment02-364,"[""munch-judgement-994""]",[994],1,3.5976779460906982
munch-qwen3.5-9b-shared-q3-surprisal-target-item/v1,6922,as6-fragment02-368,"[""munch-judgement-995""]",[995],1,1.737193524837494
munch-qwen3.5-9b-shared-q3-surprisal-target-item/v1,6947,as6-fragment02-378,"[""munch-judgement-996"",""munch-judgement-997""]","[996,997]",2,4.406935019418597
munch-qwen3.5-9b-shared-q3-surprisal-target-item/v1,6979,as6-fragment02-386,"[""munch-judgement-999""]",[999],1,7.60563662648201
munch-qwen3.5-9b-shared-q3-surprisal-target-item/v1,6980,as6-fragment02-386,"[""munch-judgement-1000"",""munch-judgement-1001""]","[1000,1001]",2,6.909444952383637
munch-qwen3.5-9b-shared-q3-surprisal-target-item/v1,6991,as6-fragment02-388,"[""munch-judgement-1003"",""munch-judgement-1004"",""munch-judgement-1005""]","[1003,1004,1005]",3,1.9262252648671467
munch-qwen3.5-9b-shared-q3-surprisal-target-item/v1,7028,as6-fragment02-400,"[""munch-judgement-1009""]",[1009],1,1.8130390644073489
munch-qwen3.5-9b-shared-q3-surprisal-target-item/v1,7032,as6-fragment02-401,"[""munch-judgement-1010""]",[1010],1,-3.8367209751158953
munch-qwen3.5-9b-shared-q3-surprisal-target-item/v1,7043,as6-fragment02-404,"[""munch-judgement-1011"",""munch-judgement-1012""]","[1011,1012]",2,2.56715589761734
munch-qwen3.5-9b-shared-q3-surprisal-target-item/v1,7047,as6-fragment02-405,"[""munch-judgement-1014"",""munch-judgement-1015""]","[1014,1015]",2,1.7796059548854828
munch-qwen3.5-9b-shared-q3-surprisal-target-item/v1,7049,as6-fragment02-406,"[""munch-judgement-1017""]",[1017],1,3.1070655584335327
munch-qwen3.5-9b-shared-q3-surprisal-target-item/v1,7055,as6-fragment02-408,"[""munch-judgement-1018"",""munch-judgement-1019""]","[1018,1019]",2,1.1769812107086182
munch-qwen3.5-9b-shared-q3-surprisal-target-item/v1,7065,as6-fragment02-411,"[""munch-judgement-1021"",""munch-judgement-1022"",""munch-judgement-1023"",""munch-judgement-1024""]","[1021,1022,1023,1024]",4,3.418395966291428
munch-qwen3.5-9b-shared-q3-surprisal-target-item/v1,7069,as6-fragment02-414,"[""munch-judgement-1031""]",[1031],1,1.5729285180568695
munch-qwen3.5-9b-shared-q3-surprisal-target-item/v1,7079,as6-fragment02-418,"[""munch-judgement-1032""]",[1032],1,3.805168628692627
munch-qwen3.5-9b-shared-q3-surprisal-target-item/v1,7080,as6-fragment02-418,"[""munch-judgement-1033""]",[1033],1,-0.3965429067611694
munch-qwen3.5-9b-shared-q3-surprisal-target-item/v1,7102,as6-fragment02-422,"[""munch-judgement-1034"",""munch-judgement-1035""]","[1034,1035]",2,4.046035528182983
munch-qwen3.5-9b-shared-q3-surprisal-target-item/v1,7131,as6-fragment02-426,"[""munch-judgement-1037""]",[1037],1,1.6274597346782684
munch-qwen3.5-9b-shared-q3-surprisal-target-item/v1,7139,as6-fragment02-427,"[""munch-judgement-1038""]",[1038],1,0.0032973587512969
munch-qwen3.5-9b-shared-q3-surprisal-target-item/v1,7147,as6-fragment02-429,"[""munch-judgement-1039""]",[1039],1,2.9278295636177063
munch-qwen3.5-9b-shared-q3-surprisal-target-item/v1,7165,as6-fragment02-435,"[""munch-judgement-1041""]",[1041],1,-1.5934457294642923
munch-qwen3.5-9b-shared-q3-surprisal-target-item/v1,7174,as6-fragment02-438,"[""munch-judgement-1045""]",[1045],1,-0.2543820142745971
munch-qwen3.5-9b-shared-q3-surprisal-target-item/v1,7178,as6-fragment02-438,"[""munch-judgement-1046""]",[1046],1,0.1848719120025634
munch-qwen3.5-9b-shared-q3-surprisal-target-item/v1,7193,as6-fragment02-441,"[""munch-judgement-1047""]",[1047],1,-1.5205843448638916
munch-qwen3.5-9b-shared-q3-surprisal-target-item/v1,7196,as6-fragment02-441,"[""munch-judgement-1048""]",[1048],1,9.617984794080256
munch-qwen3.5-9b-shared-q3-surprisal-target-item/v1,7201,b17-fragment02-175,"[""munch-judgement-1049"",""munch-judgement-1050""]","[1049,1050]",2,5.873951652087271
munch-qwen3.5-9b-shared-q3-surprisal-target-item/v1,7243,b17-fragment02-201,"[""munch-judgement-1052""]",[1052],1,7.102564349770546
munch-qwen3.5-9b-shared-q3-surprisal-target-item/v1,7247,b17-fragment02-202,"[""munch-judgement-1053""]",[1053],1,1.1898888673167676
munch-qwen3.5-9b-shared-q3-surprisal-target-item/v1,7255,b17-fragment02-205,"[""munch-judgement-1054"",""munch-judgement-1055""]","[1054,1055]",2,1.5217818394303322
munch-qwen3.5-9b-shared-q3-surprisal-target-item/v1,7259,b17-fragment02-205,"[""munch-judgement-1057""]",[1057],1,-3.8840173482894897
munch-qwen3.5-9b-shared-q3-surprisal-target-item/v1,7274,b17-fragment02-210,"[""munch-judgement-1058"",""munch-judgement-1059""]","[1058,1059]",2,4.537120014429092
munch-qwen3.5-9b-shared-q3-surprisal-target-item/v1,7280,b17-fragment02-212,"[""munch-judgement-1061""]",[1061],1,4.515638649463654
munch-qwen3.5-9b-shared-q3-surprisal-target-item/v1,7282,b17-fragment02-213,"[""munch-judgement-1062""]",[1062],1,-3.4131138026714325
munch-qwen3.5-9b-shared-q3-surprisal-target-item/v1,7301,b17-fragment02-223,"[""munch-judgement-1066""]",[1066],1,2.646995723247528
munch-qwen3.5-9b-shared-q3-surprisal-target-item/v1,7325,b17-fragment02-231,"[""munch-judgement-1067"",""munch-judgement-1068"",""munch-judgement-1069""]","[1067,1068,1069]",3,0.5543048214167356
munch-qwen3.5-9b-shared-q3-surprisal-target-item/v1,7333,b17-fragment02-235,"[""munch-judgement-1073""]",[1073],1,2.514317153021693
munch-qwen3.5-9b-shared-q3-surprisal-target-item/v1,7350,b17-fragment02-246,"[""munch-judgement-1075""]",[1075],1,0.1138858199119567
munch-qwen3.5-9b-shared-q3-surprisal-target-item/v1,7361,b1g-fragment02-742,"[""munch-judgement-1076"",""munch-judgement-1077""]","[1076,1077]",2,0.3807166144251823
munch-qwen3.5-9b-shared-q3-surprisal-target-item/v1,7364,b1g-fragment02-742,"[""munch-judgement-1079""]",[1079],1,4.72508092969656
munch-qwen3.5-9b-shared-q3-surprisal-target-item/v1,7389,b1g-fragment02-748,"[""munch-judgement-1080""]",[1080],1,1.2506251335144043
munch-qwen3.5-9b-shared-q3-surprisal-target-item/v1,7436,b1g-fragment02-757,"[""munch-judgement-1084"",""munch-judgement-1085""]","[1084,1085]",2,5.510944709181786
munch-qwen3.5-9b-shared-q3-surprisal-target-item/v1,7465,b1g-fragment02-763,"[""munch-judgement-1087""]",[1087],1,0.1163222193717956
munch-qwen3.5-9b-shared-q3-surprisal-target-item/v1,7476,b1g-fragment02-1485,"[""munch-judgement-1088""]",[1088],1,0.4280346632003784
munch-qwen3.5-9b-shared-q3-surprisal-target-item/v1,7491,b1g-fragment02-1493,"[""munch-judgement-1089""]",[1089],1,0.245102047920227
munch-qwen3.5-9b-shared-q3-surprisal-target-item/v1,7506,b1g-fragment02-1498,"[""munch-judgement-1090""]",[1090],1,1.850543893873692
munch-qwen3.5-9b-shared-q3-surprisal-target-item/v1,7508,b1g-fragment02-1498,"[""munch-judgement-1091""]",[1091],1,-0.0745261907577514
munch-qwen3.5-9b-shared-q3-surprisal-target-item/v1,7536,b1g-fragment02-1508,"[""munch-judgement-1095""]",[1095],1,-1.6372437179088593
munch-qwen3.5-9b-shared-q3-surprisal-target-item/v1,7550,b1g-fragment02-1511,"[""munch-judgement-1096""]",[1096],1,5.651715755462647
munch-qwen3.5-9b-shared-q3-surprisal-target-item/v1,7554,b1g-fragment02-1512,"[""munch-judgement-1097""]",[1097],1,1.919965744018555
munch-qwen3.5-9b-shared-q3-surprisal-target-item/v1,7558,b1g-fragment02-1513,"[""munch-judgement-1098""]",[1098],1,0.5716037750244141
munch-qwen3.5-9b-shared-q3-surprisal-target-item/v1,7567,b1g-fragment02-1517,"[""munch-judgement-1099""]",[1099],1,1.4581894874572754
munch-qwen3.5-9b-shared-q3-surprisal-target-item/v1,7572,b1g-fragment02-1521,"[""munch-judgement-1100""]",[1100],1,1.403773307800293
munch-qwen3.5-9b-shared-q3-surprisal-target-item/v1,7600,b1g-fragment02-1535,"[""munch-judgement-1106""]",[1106],1,-1.1871062517166138
munch-qwen3.5-9b-shared-q3-surprisal-target-item/v1,7608,b1g-fragment02-1537,"[""munch-judgement-1107""]",[1107],1,-0.8906927108764648
munch-qwen3.5-9b-shared-q3-surprisal-target-item/v1,7631,b1g-fragment02-1548,"[""munch-judgement-1108"",""munch-judgement-1109"",""munch-judgement-1110"",""munch-judgement-1111""]","[1108,1109,1110,1111]",4,4.173333141952753
munch-qwen3.5-9b-shared-q3-surprisal-target-item/v1,7682,b1g-fragment02-1569,"[""munch-judgement-1118""]",[1118],1,-0.8772612810134888
munch-qwen3.5-9b-shared-q3-surprisal-target-item/v1,7689,b1g-fragment02-1570,"[""munch-judgement-1119""]",[1119],1,0.5466123670339584
munch-qwen3.5-9b-shared-q3-surprisal-target-item/v1,7703,b1g-fragment02-1577,"[""munch-judgement-1121""]",[1121],1,2.71957328915596
munch-qwen3.5-9b-shared-q3-surprisal-target-item/v1,7737,bmw-fragment09-2549,"[""munch-judgement-1122""]",[1122],1,0.1847622990608215
munch-qwen3.5-9b-shared-q3-surprisal-target-item/v1,7747,bmw-fragment09-2553,"[""munch-judgement-1123""]",[1123],1,0.8556101322174072
munch-qwen3.5-9b-shared-q3-surprisal-target-item/v1,7815,bmw-fragment09-2611,"[""munch-judgement-1125"",""munch-judgement-1126"",""munch-judgement-1127"",""munch-judgement-1128"",""munch-judgement-1129""]","[1125,1126,1127,1128,1129]",5,-2.9653936056420207
munch-qwen3.5-9b-shared-q3-surprisal-target-item/v1,7820,bmw-fragment09-2614,"[""munch-judgement-1140""]",[1140],1,1.3419010937213898
munch-qwen3.5-9b-shared-q3-surprisal-target-item/v1,7839,bmw-fragment09-2623,"[""munch-judgement-1143"",""munch-judgement-1144""]","[1143,1144]",2,1.2460273504257202
munch-qwen3.5-9b-shared-q3-surprisal-target-item/v1,7865,bmw-fragment09-2635,"[""munch-judgement-1147"",""munch-judgement-1148"",""munch-judgement-1149""]","[1147,1148,1149]",3,3.2441649357788265
munch-qwen3.5-9b-shared-q3-surprisal-target-item/v1,7872,bmw-fragment09-2641,"[""munch-judgement-1153""]",[1153],1,-0.165442943572998
munch-qwen3.5-9b-shared-q3-surprisal-target-item/v1,7874,bmw-fragment09-2641,"[""munch-judgement-1154"",""munch-judgement-1155""]","[1154,1155]",2,-0.7400037050247192
munch-qwen3.5-9b-shared-q3-surprisal-target-item/v1,7902,bmw-fragment09-2681,"[""munch-judgement-1157"",""munch-judgement-1158""]","[1157,1158]",2,13.16466623544693
munch-qwen3.5-9b-shared-q3-surprisal-target-item/v1,7935,bmw-fragment09-2724,"[""munch-judgement-1160""]",[1160],1,3.1487794152926654
munch-qwen3.5-9b-shared-q3-surprisal-target-item/v1,7957,bmw-fragment09-2760,"[""munch-judgement-1162""]",[1162],1,2.5032888650894165
munch-qwen3.5-9b-shared-q3-surprisal-target-item/v1,7985,bmw-fragment09-2783,"[""munch-judgement-1163""]",[1163],1,2.1124094128608704
munch-qwen3.5-9b-shared-q3-surprisal-target-item/v1,7996,bmw-fragment09-2790,"[""munch-judgement-1164""]",[1164],1,-1.5157055896888778
munch-qwen3.5-9b-shared-q3-surprisal-target-item/v1,7998,bmw-fragment09-2793,"[""munch-judgement-1165""]",[1165],1,-0.2692221105098724
munch-qwen3.5-9b-shared-q3-surprisal-target-item/v1,8060,bpa-fragment14-2037,"[""munch-judgement-1166"",""munch-judgement-1167""]","[1166,1167]",2,-2.9390472769737244
munch-qwen3.5-9b-shared-q3-surprisal-target-item/v1,8144,bpa-fragment14-2136,"[""munch-judgement-1169"",""munch-judgement-1170""]","[1169,1170]",2,4.725547134876251
munch-qwen3.5-9b-shared-q3-surprisal-target-item/v1,8162,bpa-fragment14-2154,"[""munch-judgement-1172"",""munch-judgement-1173""]","[1172,1173]",2,9.7714741230011
munch-qwen3.5-9b-shared-q3-surprisal-target-item/v1,8216,bpa-fragment14-2241,"[""munch-judgement-1175""]",[1175],1,0.7259902767837048
munch-qwen3.5-9b-shared-q3-surprisal-target-item/v1,8237,bpa-fragment14-2278,"[""munch-judgement-1178"",""munch-judgement-1179"",""munch-judgement-1180""]","[1178,1179,1180]",3,4.424955765406291
munch-qwen3.5-9b-shared-q3-surprisal-target-item/v1,8306,c8t-fragment01-10,"[""munch-judgement-1185""]",[1185],1,-0.1296487660147249
munch-qwen3.5-9b-shared-q3-surprisal-target-item/v1,8311,c8t-fragment01-11,"[""munch-judgement-1186""]",[1186],1,-0.3149831518530845
munch-qwen3.5-9b-shared-q3-surprisal-target-item/v1,8316,c8t-fragment01-13,"[""munch-judgement-1187"",""munch-judgement-1188""]","[1187,1188]",2,-0.0532955080270767
munch-qwen3.5-9b-shared-q3-surprisal-target-item/v1,8333,c8t-fragment01-23,"[""munch-judgement-1191""]",[1191],1,-1.5667829513549805
munch-qwen3.5-9b-shared-q3-surprisal-target-item/v1,8368,c8t-fragment01-48,"[""munch-judgement-1193"",""munch-judgement-1194""]","[1193,1194]",2,4.625075332820416
munch-qwen3.5-9b-shared-q3-surprisal-target-item/v1,8423,c8t-fragment01-115,"[""munch-judgement-1197"",""munch-judgement-1198"",""munch-judgement-1199"",""munch-judgement-1200""]","[1197,1198,1199,1200]",4,0.1933141690678894
munch-qwen3.5-9b-shared-q3-surprisal-target-item/v1,8442,c8t-fragment01-127,"[""munch-judgement-1207""]",[1207],1,3.367456242442131
munch-qwen3.5-9b-shared-q3-surprisal-target-item/v1,8454,cb5-fragment02-3185,"[""munch-judgement-1208""]",[1208],1,5.925062656402588
munch-qwen3.5-9b-shared-q3-surprisal-target-item/v1,8467,cb5-fragment02-3203,"[""munch-judgement-1209""]",[1209],1,4.416149437427521
munch-qwen3.5-9b-shared-q3-surprisal-target-item/v1,8540,cb5-fragment02-3329,"[""munch-judgement-1215"",""munch-judgement-1216"",""munch-judgement-1217"",""munch-judgement-1218""]","[1215,1216,1217,1218]",4,3.072524778544903
munch-qwen3.5-9b-shared-q3-surprisal-target-item/v1,8555,cb5-fragment02-3354,"[""munch-judgement-1221"",""munch-judgement-1222"",""munch-judgement-1223"",""munch-judgement-1224""]","[1221,1222,1223,1224]",4,-1.1161842048168182
munch-qwen3.5-9b-shared-q3-surprisal-target-item/v1,8591,cb5-fragment02-3415,"[""munch-judgement-1231""]",[1231],1,1.7078520059585571
munch-qwen3.5-9b-shared-q3-surprisal-target-item/v1,8609,ccw-fragment03-1568,"[""munch-judgement-1232""]",[1232],1,2.092853784561157
munch-qwen3.5-9b-shared-q3-surprisal-target-item/v1,8679,ccw-fragment03-1639,"[""munch-judgement-1233""]",[1233],1,1.667261838912964
munch-qwen3.5-9b-shared-q3-surprisal-target-item/v1,8684,ccw-fragment03-1640,"[""munch-judgement-1234""]",[1234],1,1.4221905693411827
munch-qwen3.5-9b-shared-q3-surprisal-target-item/v1,8719,ccw-fragment04-1995,"[""munch-judgement-1236"",""munch-judgement-1237""]","[1236,1237]",2,3.177633672952652
munch-qwen3.5-9b-shared-q3-surprisal-target-item/v1,8747,ccw-fragment04-2036,"[""munch-judgement-1239"",""munch-judgement-1240""]","[1239,1240]",2,-1.7858445942401886
munch-qwen3.5-9b-shared-q3-surprisal-target-item/v1,8763,ccw-fragment04-2051,"[""munch-judgement-1242"",""munch-judgement-1243"",""munch-judgement-1244""]","[1242,1243,1244]",3,1.426882525285085
munch-qwen3.5-9b-shared-q3-surprisal-target-item/v1,8769,ccw-fragment04-2053,"[""munch-judgement-1248""]",[1248],1,12.739259481430054
munch-qwen3.5-9b-shared-q3-surprisal-target-item/v1,8805,ccw-fragment04-2095,"[""munch-judgement-1252""]",[1252],1,1.358938217163086
munch-qwen3.5-9b-shared-q3-surprisal-target-item/v1,8875,cdb-fragment02-376,"[""munch-judgement-1253""]",[1253],1,4.19163978099823
munch-qwen3.5-9b-shared-q3-surprisal-target-item/v1,8879,cdb-fragment02-387,"[""munch-judgement-1254"",""munch-judgement-1255"",""munch-judgement-1256""]","[1254,1255,1256]",3,0.5218049089113871
munch-qwen3.5-9b-shared-q3-surprisal-target-item/v1,8913,cdb-fragment02-411,"[""munch-judgement-1261"",""munch-judgement-1262""]","[1261,1262]",2,-3.09818175341934
munch-qwen3.5-9b-shared-q3-surprisal-target-item/v1,8963,cdb-fragment02-457,"[""munch-judgement-1265""]",[1265],1,2.1194324791431427
munch-qwen3.5-9b-shared-q3-surprisal-target-item/v1,8968,cdb-fragment02-458,"[""munch-judgement-1266"",""munch-judgement-1267""]","[1266,1267]",2,4.37573728337884
munch-qwen3.5-9b-shared-q3-surprisal-target-item/v1,9024,cdb-fragment02-511,"[""munch-judgement-1270"",""munch-judgement-1271""]","[1270,1271]",2,1.5824053585529327
munch-qwen3.5-9b-shared-q3-surprisal-target-item/v1,9072,cdb-fragment04-880,"[""munch-judgement-1274"",""munch-judgement-1275"",""munch-judgement-1276""]","[1274,1275,1276]",3,3.079648494720459
munch-qwen3.5-9b-shared-q3-surprisal-target-item/v1,9120,cdb-fragment04-922,"[""munch-judgement-1280"",""munch-judgement-1281""]","[1280,1281]",2,9.604322493076324
munch-qwen3.5-9b-shared-q3-surprisal-target-item/v1,9164,cdb-fragment04-964,"[""munch-judgement-1284""]",[1284],1,1.8422681242227557
munch-qwen3.5-9b-shared-q3-surprisal-target-item/v1,9168,cdb-fragment04-968,"[""munch-judgement-1285""]",[1285],1,3.463180501013994
munch-qwen3.5-9b-shared-q3-surprisal-target-item/v1,9172,cdb-fragment04-971,"[""munch-judgement-1286"",""munch-judgement-1287""]","[1286,1287]",2,1.0623447448015213
munch-qwen3.5-9b-shared-q3-surprisal-target-item/v1,9211,clp-fragment01-757,"[""munch-judgement-1290"",""munch-judgement-1291""]","[1290,1291]",2,1.0421277284622192
munch-qwen3.5-9b-shared-q3-surprisal-target-item/v1,9231,clp-fragment01-766,"[""munch-judgement-1296"",""munch-judgement-1297"",""munch-judgement-1298""]","[1296,1297,1298]",3,4.850224791715543
munch-qwen3.5-9b-shared-q3-surprisal-target-item/v1,9249,clp-fragment01-772,"[""munch-judgement-1302"",""munch-judgement-1303""]","[1302,1303]",2,1.039343684911728
munch-qwen3.5-9b-shared-q3-surprisal-target-item/v1,9274,clp-fragment01-782,"[""munch-judgement-1305""]",[1305],1,7.744293570518494
munch-qwen3.5-9b-shared-q3-surprisal-target-item/v1,9306,clp-fragment01-790,"[""munch-judgement-1316"",""munch-judgement-1317"",""munch-judgement-1318""]","[1316,1317,1318]",3,-2.0304274931550026
munch-qwen3.5-9b-shared-q3-surprisal-target-item/v1,9312,clp-fragment01-792,"[""munch-judgement-1323"",""munch-judgement-1324""]","[1323,1324]",2,3.856283765286207
munch-qwen3.5-9b-shared-q3-surprisal-target-item/v1,9319,clp-fragment01-796,"[""munch-judgement-1326""]",[1326],1,0.7368569374084473
munch-qwen3.5-9b-shared-q3-surprisal-target-item/v1,9328,clp-fragment01-800,"[""munch-judgement-1327""]",[1327],1,2.4092030376195908
munch-qwen3.5-9b-shared-q3-surprisal-target-item/v1,9364,clp-fragment01-812,"[""munch-judgement-1331"",""munch-judgement-1332""]","[1331,1332]",2,-1.8251852095127103
munch-qwen3.5-9b-shared-q3-surprisal-target-item/v1,9371,clp-fragment01-815,"[""munch-judgement-1334""]",[1334],1,3.0029430389404297
munch-qwen3.5-9b-shared-q3-surprisal-target-item/v1,9385,clp-fragment01-822,"[""munch-judgement-1338""]",[1338],1,-1.1788431107997894
munch-qwen3.5-9b-shared-q3-surprisal-target-item/v1,9392,clp-fragment01-826,"[""munch-judgement-1339""]",[1339],1,3.363503932952881
munch-qwen3.5-9b-shared-q3-surprisal-target-item/v1,9400,clp-fragment01-831,"[""munch-judgement-1340""]",[1340],1,3.1484139263629918
munch-qwen3.5-9b-shared-q3-surprisal-target-item/v1,9409,clp-fragment01-838,"[""munch-judgement-1341"",""munch-judgement-1342""]","[1341,1342]",2,4.879386246204376
munch-qwen3.5-9b-shared-q3-surprisal-target-item/v1,9413,clp-fragment01-840,"[""munch-judgement-1344""]",[1344],1,7.347106456756592
munch-qwen3.5-9b-shared-q3-surprisal-target-item/v1,9441,clp-fragment01-852,"[""munch-judgement-1348"",""munch-judgement-1349""]","[1348,1349]",2,6.942988306283951
munch-qwen3.5-9b-shared-q3-surprisal-target-item/v1,9459,clp-fragment01-859,"[""munch-judgement-1351""]",[1351],1,-0.3038070201873779
munch-qwen3.5-9b-shared-q3-surprisal-target-item/v1,9467,clp-fragment01-863,"[""munch-judgement-1352"",""munch-judgement-1353"",""munch-judgement-1354"",""munch-judgement-1355"",""munch-judgement-1356"",""munch-judgement-1357""]","[1352,1353,1354,1355,1356,1357]",6,2.5569163411855698
munch-qwen3.5-9b-shared-q3-surprisal-target-item/v1,9477,clp-fragment01-870,"[""munch-judgement-1368""]",[1368],1,3.4870424270629883
munch-qwen3.5-9b-shared-q3-surprisal-target-item/v1,9478,clp-fragment01-870,"[""munch-judgement-1369"",""munch-judgement-1370"",""munch-judgement-1371""]","[1369,1370,1371]",3,0.7053619723301381
munch-qwen3.5-9b-shared-q3-surprisal-target-item/v1,9530,clp-fragment01-897,"[""munch-judgement-1375""]",[1375],1,1.893199443817139
munch-qwen3.5-9b-shared-q3-surprisal-target-item/v1,9547,clw-fragment01-5,"[""munch-judgement-1376""]",[1376],1,-3.1339839696884155
munch-qwen3.5-9b-shared-q3-surprisal-target-item/v1,9556,clw-fragment01-8,"[""munch-judgement-1380""]",[1380],1,0.0657839775085449
munch-qwen3.5-9b-shared-q3-surprisal-target-item/v1,9585,clw-fragment01-21,"[""munch-judgement-1382"",""munch-judgement-1383""]","[1382,1383]",2,-1.7080297619104383
munch-qwen3.5-9b-shared-q3-surprisal-target-item/v1,9597,clw-fragment01-25,"[""munch-judgement-1385"",""munch-judgement-1386""]","[1385,1386]",2,-1.162562072277069
munch-qwen3.5-9b-shared-q3-surprisal-target-item/v1,9608,clw-fragment01-28,"[""munch-judgement-1388""]",[1388],1,-0.0306170582771301
munch-qwen3.5-9b-shared-q3-surprisal-target-item/v1,9647,clw-fragment01-45,"[""munch-judgement-1389""]",[1389],1,0.4908129125833511
munch-qwen3.5-9b-shared-q3-surprisal-target-item/v1,9649,clw-fragment01-47,"[""munch-judgement-1390""]",[1390],1,-0.2031491994857788
munch-qwen3.5-9b-shared-q3-surprisal-target-item/v1,9670,clw-fragment01-55,"[""munch-judgement-1391""]",[1391],1,3.740899384021759
munch-qwen3.5-9b-shared-q3-surprisal-target-item/v1,9705,clw-fragment01-65,"[""munch-judgement-1392"",""munch-judgement-1393"",""munch-judgement-1394"",""munch-judgement-1395""]","[1392,1393,1394,1395]",4,1.9108212292194369
munch-qwen3.5-9b-shared-q3-surprisal-target-item/v1,9727,clw-fragment01-72,"[""munch-judgement-1399"",""munch-judgement-1400""]","[1399,1400]",2,3.557726740837097
munch-qwen3.5-9b-shared-q3-surprisal-target-item/v1,9738,clw-fragment01-76,"[""munch-judgement-1402""]",[1402],1,-0.5473811626434326
munch-qwen3.5-9b-shared-q3-surprisal-target-item/v1,9768,clw-fragment01-83,"[""munch-judgement-1403""]",[1403],1,5.656084299087524
munch-qwen3.5-9b-shared-q3-surprisal-target-item/v1,9791,clw-fragment01-93,"[""munch-judgement-1404"",""munch-judgement-1405""]","[1404,1405]",2,-0.1085704565048217
munch-qwen3.5-9b-shared-q3-surprisal-target-item/v1,9832,clw-fragment01-111,"[""munch-judgement-1407""]",[1407],1,1.8698792457580569
munch-qwen3.5-9b-shared-q3-surprisal-target-item/v1,9841,clw-fragment01-115,"[""munch-judgement-1408""]",[1408],1,2.3330116271972656
munch-qwen3.5-9b-shared-q3-surprisal-target-item/v1,9845,clw-fragment01-116,"[""munch-judgement-1409"",""munch-judgement-1410""]","[1409,1410]",2,1.0527435541152954
munch-qwen3.5-9b-shared-q3-surprisal-target-item/v1,9853,clw-fragment01-118,"[""munch-judgement-1412""]",[1412],1,1.0590847730636597
munch-qwen3.5-9b-shared-q3-surprisal-target-item/v1,9857,clw-fragment01-119,"[""munch-judgement-1413"",""munch-judgement-1414""]","[1413,1414]",2,10.239704113453628
munch-qwen3.5-9b-shared-q3-surprisal-target-item/v1,9869,clw-fragment01-123,"[""munch-judgement-1417"",""munch-judgement-1418""]","[1417,1418]",2,8.553938150405884
munch-qwen3.5-9b-shared-q3-surprisal-target-item/v1,9891,clw-fragment01-132,"[""munch-judgement-1420""]",[1420],1,-0.4667799957096576
munch-qwen3.5-9b-shared-q3-surprisal-target-item/v1,9895,clw-fragment01-133,"[""munch-judgement-1421""]",[1421],1,4.547505404800177
munch-qwen3.5-9b-shared-q3-surprisal-target-item/v1,9921,clw-fragment01-141,"[""munch-judgement-1425"",""munch-judgement-1426""]","[1425,1426]",2,1.9853745698928835
munch-qwen3.5-9b-shared-q3-surprisal-target-item/v1,9926,clw-fragment01-141,"[""munch-judgement-1428"",""munch-judgement-1429""]","[1428,1429]",2,1.6540410798043013
munch-qwen3.5-9b-shared-q3-surprisal-target-item/v1,9941,clw-fragment01-148,"[""munch-judgement-1431""]",[1431],1,0.183459997177124
munch-qwen3.5-9b-shared-q3-surprisal-target-item/v1,9953,clw-fragment01-150,"[""munch-judgement-1432"",""munch-judgement-1433""]","[1432,1433]",2,3.607717543840408
munch-qwen3.5-9b-shared-q3-surprisal-target-item/v1,9997,clw-fragment01-161,"[""munch-judgement-1436"",""munch-judgement-1437""]","[1436,1437]",2,0.0665405094623565
munch-qwen3.5-9b-shared-q3-surprisal-target-item/v1,10021,crs-fragment01-6,"[""munch-judgement-1440""]",[1440],1,1.563554286956787
munch-qwen3.5-9b-shared-q3-surprisal-target-item/v1,10034,crs-fragment01-10,"[""munch-judgement-1441"",""munch-judgement-1442""]","[1441,1442]",2,0.8198819160461426
munch-qwen3.5-9b-shared-q3-surprisal-target-item/v1,10067,crs-fragment01-37,"[""munch-judgement-1444""]",[1444],1,2.642009913921356
munch-qwen3.5-9b-shared-q3-surprisal-target-item/v1,10118,crs-fragment01-71,"[""munch-judgement-1445"",""munch-judgement-1446""]","[1445,1446]",2,1.4243194460868835
munch-qwen3.5-9b-shared-q3-surprisal-target-item/v1,10138,crs-fragment01-85,"[""munch-judgement-1448"",""munch-judgement-1449""]","[1448,1449]",2,2.386788010597229
munch-qwen3.5-9b-shared-q3-surprisal-target-item/v1,10142,crs-fragment01-88,"[""munch-judgement-1451""]",[1451],1,-1.7346227169036863
munch-qwen3.5-9b-shared-q3-surprisal-target-item/v1,10187,cty-fragment03-463,"[""munch-judgement-1453""]",[1453],1,2.373644590377808
munch-qwen3.5-9b-shared-q3-surprisal-target-item/v1,10192,cty-fragment03-464,"[""munch-judgement-1454""]",[1454],1,3.78764271736145
munch-qwen3.5-9b-shared-q3-surprisal-target-item/v1,10196,cty-fragment03-464,"[""munch-judgement-1455""]",[1455],1,1.714139699935913
munch-qwen3.5-9b-shared-q3-surprisal-target-item/v1,10200,cty-fragment03-467,"[""munch-judgement-1456""]",[1456],1,6.449060678016394
munch-qwen3.5-9b-shared-q3-surprisal-target-item/v1,10212,cty-fragment03-469,"[""munch-judgement-1457""]",[1457],1,2.3262552842497826
munch-qwen3.5-9b-shared-q3-surprisal-target-item/v1,10222,cty-fragment03-469,"[""munch-judgement-1458""]",[1458],1,-0.6524170637130737
munch-qwen3.5-9b-shared-q3-surprisal-target-item/v1,10229,cty-fragment03-473,"[""munch-judgement-1459""]",[1459],1,7.396821141242981
munch-qwen3.5-9b-shared-q3-surprisal-target-item/v1,10255,cty-fragment03-479,"[""munch-judgement-1460""]",[1460],1,-2.380583683028817
munch-qwen3.5-9b-shared-q3-surprisal-target-item/v1,10265,cty-fragment03-481,"[""munch-judgement-1461""]",[1461],1,-0.3784633576869964
munch-qwen3.5-9b-shared-q3-surprisal-target-item/v1,10297,cty-fragment03-492,"[""munch-judgement-1462""]",[1462],1,0.5369858741760254
munch-qwen3.5-9b-shared-q3-surprisal-target-item/v1,10312,cty-fragment03-494,"[""munch-judgement-1464""]",[1464],1,-0.9756288528442384
munch-qwen3.5-9b-shared-q3-surprisal-target-item/v1,10318,cty-fragment03-495,"[""munch-judgement-1465"",""munch-judgement-1466""]","[1465,1466]",2,-1.782660834491253
munch-qwen3.5-9b-shared-q3-surprisal-target-item/v1,10333,cty-fragment03-498,"[""munch-judgement-1471""]",[1471],1,0.0415197908878326
munch-qwen3.5-9b-shared-q3-surprisal-target-item/v1,10360,cty-fragment03-511,"[""munch-judgement-1472""]",[1472],1,-3.3108460903167725
munch-qwen3.5-9b-shared-q3-surprisal-target-item/v1,10368,cty-fragment03-514,"[""munch-judgement-1473"",""munch-judgement-1474""]","[1473,1474]",2,2.2851659655570984
munch-qwen3.5-9b-shared-q3-surprisal-target-item/v1,10371,cty-fragment03-516,"[""munch-judgement-1476""]",[1476],1,3.7302849292755127
munch-qwen3.5-9b-shared-q3-surprisal-target-item/v1,10376,cty-fragment03-517,"[""munch-judgement-1477"",""munch-judgement-1478""]","[1477,1478]",2,4.24675028398633
munch-qwen3.5-9b-shared-q3-surprisal-target-item/v1,10378,cty-fragment03-518,"[""munch-judgement-1480""]",[1480],1,-1.900596141815185
munch-qwen3.5-9b-shared-q3-surprisal-target-item/v1,10379,cty-fragment03-518,"[""munch-judgement-1481"",""munch-judgement-1482""]","[1481,1482]",2,0.972579151391983
munch-qwen3.5-9b-shared-q3-surprisal-target-item/v1,10381,cty-fragment03-520,"[""munch-judgement-1484""]",[1484],1,3.5324201434850693
munch-qwen3.5-9b-shared-q3-surprisal-target-item/v1,10403,cty-fragment03-523,"[""munch-judgement-1485"",""munch-judgement-1486""]","[1485,1486]",2,-0.3291494064033031
munch-qwen3.5-9b-shared-q3-surprisal-target-item/v1,10446,cty-fragment03-531,"[""munch-judgement-1488""]",[1488],1,2.6806176129030064
munch-qwen3.5-9b-shared-q3-surprisal-target-item/v1,10479,cty-fragment03-539,"[""munch-judgement-1489""]",[1489],1,-1.5526267569512129
munch-qwen3.5-9b-shared-q3-surprisal-target-item/v1,10490,cty-fragment03-542,"[""munch-judgement-1491"",""munch-judgement-1492""]","[1491,1492]",2,-0.4245489239692688
munch-qwen3.5-9b-shared-q3-surprisal-target-item/v1,10491,cty-fragment03-542,"[""munch-judgement-1494""]",[1494],1,0.2955218553543091
munch-qwen3.5-9b-shared-q3-surprisal-target-item/v1,10495,cty-fragment03-543,"[""munch-judgement-1495""]",[1495],1,-0.8959482312202454
