i0,s0_idx,sentence_id,source_sid,reason_code,reason_detail,duplicate_of_i0
3,21,21,a1e-fragment01-9,INSUFFICIENT_SHARED_RIGHT_CONTEXT,observed_orthographic_words=2;required=3,
4,21,21,a1e-fragment01-9,INSUFFICIENT_SHARED_RIGHT_CONTEXT,observed_orthographic_words=2;required=3,
5,21,21,a1e-fragment01-9,LABEL_NOT_ONE_APT_ONE_INAPT,s1_label=inapt;s2_label=inapt,
9,28,28,a1e-fragment01-15,LABEL_NOT_ONE_APT_ONE_INAPT,s1_label=inapt;s2_label=inapt,
10,28,28,a1e-fragment01-15,LABEL_NOT_ONE_APT_ONE_INAPT,s1_label=inapt;s2_label=inapt,
11,28,28,a1e-fragment01-15,LABEL_NOT_ONE_APT_ONE_INAPT,s1_label=inapt;s2_label=inapt,
15,37,37,a1e-fragment01-23,LABEL_NOT_ONE_APT_ONE_INAPT,s1_label=inapt;s2_label=inapt,
19,48,48,a1e-fragment01-28,LABEL_NOT_ONE_APT_ONE_INAPT,s1_label=inapt;s2_label=inapt,
24,72,72,a1f-fragment07-152,LABEL_NOT_ONE_APT_ONE_INAPT,s1_label=inapt;s2_label=inapt,
25,72,72,a1f-fragment07-152,LABEL_NOT_ONE_APT_ONE_INAPT,s1_label=inapt;s2_label=inapt,
26,72,72,a1f-fragment07-152,LABEL_NOT_ONE_APT_ONE_INAPT,s1_label=inapt;s2_label=inapt,
27,114,114,a1f-fragment09-169,INSUFFICIENT_SHARED_RIGHT_CONTEXT,observed_orthographic_words=0;required=3,
30,117,117,a1f-fragment09-170,LABEL_NOT_ONE_APT_ONE_INAPT,s1_label=inapt;s2_label=inapt,
32,171,171,a1g-fragment27-408,INSUFFICIENT_SHARED_RIGHT_CONTEXT,observed_orthographic_words=2;required=3,
36,178,178,a1g-fragment27-412,LABEL_NOT_ONE_APT_ONE_INAPT,s1_label=inapt;s2_label=inapt,
40,200,200,a1g-fragment27-426,LABEL_NOT_ONE_APT_ONE_INAPT,s1_label=inapt;s2_label=inapt,
43,202,202,a1g-fragment27-427,LABEL_NOT_ONE_APT_ONE_INAPT,s1_label=inapt;s2_label=inapt,
48,235,235,a1h-fragment05-79,INSUFFICIENT_SHARED_RIGHT_CONTEXT,observed_orthographic_words=2;required=3,
54,269,269,a1h-fragment05-90,LABEL_NOT_ONE_APT_ONE_INAPT,s1_label=inapt;s2_label=inapt,
57,274,274,a1h-fragment05-93,LABEL_NOT_ONE_APT_ONE_INAPT,s1_label=inapt;s2_label=inapt,
58,276,276,a1h-fragment05-93,INSUFFICIENT_SHARED_RIGHT_CONTEXT,observed_orthographic_words=0;required=3,
59,276,276,a1h-fragment05-93,INSUFFICIENT_SHARED_RIGHT_CONTEXT,observed_orthographic_words=0;required=3,
60,276,276,a1h-fragment05-93,INSUFFICIENT_SHARED_RIGHT_CONTEXT,observed_orthographic_words=0;required=3,
61,276,276,a1h-fragment05-93,LABEL_NOT_ONE_APT_ONE_INAPT,s1_label=inapt;s2_label=inapt,
62,276,276,a1h-fragment05-93,LABEL_NOT_ONE_APT_ONE_INAPT,s1_label=inapt;s2_label=inapt,
63,276,276,a1h-fragment05-93,LABEL_NOT_ONE_APT_ONE_INAPT,s1_label=inapt;s2_label=inapt,
69,403,403,a1j-fragment33-499,LABEL_NOT_ONE_APT_ONE_INAPT,s1_label=inapt;s2_label=inapt,
79,496,496,a1j-fragment34-538,LABEL_NOT_ONE_APT_ONE_INAPT,s1_label=inapt;s2_label=inapt,
80,496,496,a1j-fragment34-538,LABEL_NOT_ONE_APT_ONE_INAPT,s1_label=inapt;s2_label=inapt,
81,496,496,a1j-fragment34-538,LABEL_NOT_ONE_APT_ONE_INAPT,s1_label=inapt;s2_label=inapt,
83,517,517,a1j-fragment34-542,INSUFFICIENT_SHARED_RIGHT_CONTEXT,observed_orthographic_words=0;required=3,
84,517,517,a1j-fragment34-542,INSUFFICIENT_SHARED_RIGHT_CONTEXT,observed_orthographic_words=0;required=3,
85,517,517,a1j-fragment34-542,INSUFFICIENT_SHARED_RIGHT_CONTEXT,observed_orthographic_words=0;required=3,
86,517,517,a1j-fragment34-542,LABEL_NOT_ONE_APT_ONE_INAPT,s1_label=inapt;s2_label=inapt,
87,517,517,a1j-fragment34-542,LABEL_NOT_ONE_APT_ONE_INAPT,s1_label=inapt;s2_label=inapt,
88,517,517,a1j-fragment34-542,LABEL_NOT_ONE_APT_ONE_INAPT,s1_label=inapt;s2_label=inapt,
92,546,546,a1j-fragment34-552,LABEL_NOT_ONE_APT_ONE_INAPT,s1_label=inapt;s2_label=inapt,
93,556,556,a1j-fragment34-554,INSUFFICIENT_SHARED_RIGHT_CONTEXT,observed_orthographic_words=0;required=3,
94,556,556,a1j-fragment34-554,INSUFFICIENT_SHARED_RIGHT_CONTEXT,observed_orthographic_words=0;required=3,
95,556,556,a1j-fragment34-554,INSUFFICIENT_SHARED_RIGHT_CONTEXT,observed_orthographic_words=0;required=3,
96,556,556,a1j-fragment34-554,INSUFFICIENT_SHARED_RIGHT_CONTEXT,observed_orthographic_words=0;required=3,
97,556,556,a1j-fragment34-554,LABEL_NOT_ONE_APT_ONE_INAPT,s1_label=inapt;s2_label=inapt,
98,556,556,a1j-fragment34-554,LABEL_NOT_ONE_APT_ONE_INAPT,s1_label=inapt;s2_label=inapt,
99,556,556,a1j-fragment34-554,LABEL_NOT_ONE_APT_ONE_INAPT,s1_label=inapt;s2_label=inapt,
100,556,556,a1j-fragment34-554,LABEL_NOT_ONE_APT_ONE_INAPT,s1_label=inapt;s2_label=inapt,
101,556,556,a1j-fragment34-554,LABEL_NOT_ONE_APT_ONE_INAPT,s1_label=inapt;s2_label=inapt,
102,556,556,a1j-fragment34-554,LABEL_NOT_ONE_APT_ONE_INAPT,s1_label=inapt;s2_label=inapt,
106,562,562,a1j-fragment34-557,LABEL_NOT_ONE_APT_ONE_INAPT,s1_label=inapt;s2_label=inapt,
110,593,593,a1k-fragment02-39,LABEL_NOT_ONE_APT_ONE_INAPT,s1_label=inapt;s2_label=inapt,
113,657,657,a1l-fragment01-8,LABEL_NOT_ONE_APT_ONE_INAPT,s1_label=inapt;s2_label=inapt,
114,673,673,a1l-fragment01-14,INSUFFICIENT_SHARED_RIGHT_CONTEXT,observed_orthographic_words=0;required=3,
115,673,673,a1l-fragment01-14,INSUFFICIENT_SHARED_RIGHT_CONTEXT,observed_orthographic_words=0;required=3,
116,673,673,a1l-fragment01-14,LABEL_NOT_ONE_APT_ONE_INAPT,s1_label=inapt;s2_label=inapt,
120,683,683,a1l-fragment01-20,LABEL_NOT_ONE_APT_ONE_INAPT,s1_label=inapt;s2_label=inapt,
121,685,685,a1l-fragment01-20,UNRESOLVED_NON_TARGET_CONTEXT_MISMATCH,mismatch=left_context,
125,752,752,a1m-fragment01-12,LABEL_NOT_ONE_APT_ONE_INAPT,s1_label=inapt;s2_label=inapt,
126,752,752,a1m-fragment01-12,LABEL_NOT_ONE_APT_ONE_INAPT,s1_label=inapt;s2_label=inapt,
127,752,752,a1m-fragment01-12,LABEL_NOT_ONE_APT_ONE_INAPT,s1_label=inapt;s2_label=inapt,
131,759,759,a1m-fragment01-17,LABEL_NOT_ONE_APT_ONE_INAPT,s1_label=inapt;s2_label=inapt,
135,772,772,a1m-fragment01-23,LABEL_NOT_ONE_APT_ONE_INAPT,s1_label=apt;s2_label=apt,
136,776,776,a1m-fragment01-26,INSUFFICIENT_SHARED_RIGHT_CONTEXT,observed_orthographic_words=1;required=3,
141,809,809,a1m-fragment01-47,LABEL_NOT_ONE_APT_ONE_INAPT,s1_label=inapt;s2_label=inapt,
142,809,809,a1m-fragment01-47,LABEL_NOT_ONE_APT_ONE_INAPT,s1_label=inapt;s2_label=inapt,
143,809,809,a1m-fragment01-47,LABEL_NOT_ONE_APT_ONE_INAPT,s1_label=inapt;s2_label=inapt,
144,809,809,a1m-fragment01-47,LABEL_NOT_ONE_APT_ONE_INAPT,s1_label=inapt;s2_label=inapt,
145,809,809,a1m-fragment01-47,LABEL_NOT_ONE_APT_ONE_INAPT,s1_label=inapt;s2_label=inapt,
146,809,809,a1m-fragment01-47,LABEL_NOT_ONE_APT_ONE_INAPT,s1_label=inapt;s2_label=inapt,
148,835,835,a1m-fragment01-58,INSUFFICIENT_SHARED_RIGHT_CONTEXT,observed_orthographic_words=0;required=3,
150,863,863,a1n-fragment09-208,INSUFFICIENT_SHARED_RIGHT_CONTEXT,observed_orthographic_words=1;required=3,
154,991,991,a1n-fragment18-353,INSUFFICIENT_SHARED_RIGHT_CONTEXT,observed_orthographic_words=0;required=3,
160,1049,1049,a1n-fragment18-373,LABEL_NOT_ONE_APT_ONE_INAPT,s1_label=inapt;s2_label=inapt,
166,1062,1062,a1p-fragment01-5,LABEL_NOT_ONE_APT_ONE_INAPT,s1_label=inapt;s2_label=inapt,
167,1062,1062,a1p-fragment01-5,LABEL_NOT_ONE_APT_ONE_INAPT,s1_label=inapt;s2_label=inapt,
168,1062,1062,a1p-fragment01-5,LABEL_NOT_ONE_APT_ONE_INAPT,s1_label=inapt;s2_label=inapt,
171,1081,1081,a1p-fragment01-13,LABEL_NOT_ONE_APT_ONE_INAPT,s1_label=inapt;s2_label=inapt,
174,1091,1091,a1p-fragment01-15,LABEL_NOT_ONE_APT_ONE_INAPT,s1_label=apt;s2_label=apt,
177,1132,1132,a1p-fragment03-68,LABEL_NOT_ONE_APT_ONE_INAPT,s1_label=inapt;s2_label=inapt,
178,1189,1189,a1p-fragment03-84,INSUFFICIENT_SHARED_RIGHT_CONTEXT,observed_orthographic_words=0;required=3,
180,1227,1227,a1u-fragment04-75,INSUFFICIENT_SHARED_RIGHT_CONTEXT,observed_orthographic_words=2;required=3,
182,1322,1322,a1u-fragment04-128,INSUFFICIENT_SHARED_RIGHT_CONTEXT,observed_orthographic_words=0;required=3,
184,1329,1329,a1u-fragment04-134,INSUFFICIENT_SHARED_RIGHT_CONTEXT,observed_orthographic_words=2;required=3,
185,1329,1329,a1u-fragment04-134,INSUFFICIENT_SHARED_RIGHT_CONTEXT,observed_orthographic_words=2;required=3,
186,1329,1329,a1u-fragment04-134,LABEL_NOT_ONE_APT_ONE_INAPT,s1_label=inapt;s2_label=inapt,
192,1379,1379,a1x-fragment04-165,LABEL_NOT_ONE_APT_ONE_INAPT,s1_label=inapt;s2_label=inapt,
195,1381,1381,a1x-fragment04-166,LABEL_NOT_ONE_APT_ONE_INAPT,s1_label=inapt;s2_label=inapt,
199,1393,1393,a1x-fragment04-172,LABEL_NOT_ONE_APT_ONE_INAPT,s1_label=inapt;s2_label=inapt,
201,1442,1442,a2d-fragment05-37,INSUFFICIENT_SHARED_RIGHT_CONTEXT,observed_orthographic_words=2;required=3,
204,1443,1443,a2d-fragment05-38,LABEL_NOT_ONE_APT_ONE_INAPT,s1_label=inapt;s2_label=inapt,
206,1461,1461,a2d-fragment05-47,INSUFFICIENT_SHARED_RIGHT_CONTEXT,observed_orthographic_words=0;required=3,
210,1536,1536,a31-fragment03-119,LABEL_NOT_ONE_APT_ONE_INAPT,s1_label=inapt;s2_label=inapt,
211,1536,1536,a31-fragment03-119,LABEL_NOT_ONE_APT_ONE_INAPT,s1_label=inapt;s2_label=inapt,
212,1536,1536,a31-fragment03-119,LABEL_NOT_ONE_APT_ONE_INAPT,s1_label=inapt;s2_label=inapt,
217,1568,1568,a31-fragment03-139,LABEL_NOT_ONE_APT_ONE_INAPT,s1_label=inapt;s2_label=inapt,
218,1568,1568,a31-fragment03-139,LABEL_NOT_ONE_APT_ONE_INAPT,s1_label=inapt;s2_label=inapt,
219,1568,1568,a31-fragment03-139,LABEL_NOT_ONE_APT_ONE_INAPT,s1_label=inapt;s2_label=inapt,
222,1577,1577,a31-fragment03-146,LABEL_NOT_ONE_APT_ONE_INAPT,s1_label=inapt;s2_label=inapt,
225,1595,1595,a36-fragment07-183,LABEL_NOT_ONE_APT_ONE_INAPT,s1_label=apt;s2_label=apt,
228,1605,1605,a36-fragment07-186,LABEL_NOT_ONE_APT_ONE_INAPT,s1_label=inapt;s2_label=inapt,
234,1625,1625,a36-fragment07-193,LABEL_NOT_ONE_APT_ONE_INAPT,s1_label=inapt;s2_label=inapt,
235,1625,1625,a36-fragment07-193,LABEL_NOT_ONE_APT_ONE_INAPT,s1_label=inapt;s2_label=inapt,
236,1625,1625,a36-fragment07-193,LABEL_NOT_ONE_APT_ONE_INAPT,s1_label=inapt;s2_label=inapt,
237,1625,1625,a36-fragment07-193,LABEL_NOT_ONE_APT_ONE_INAPT,s1_label=inapt;s2_label=inapt,
238,1625,1625,a36-fragment07-193,LABEL_NOT_ONE_APT_ONE_INAPT,s1_label=inapt;s2_label=inapt,
239,1625,1625,a36-fragment07-193,LABEL_NOT_ONE_APT_ONE_INAPT,s1_label=inapt;s2_label=inapt,
243,1667,1667,a38-fragment01-7,INSUFFICIENT_SHARED_RIGHT_CONTEXT,observed_orthographic_words=2;required=3,
249,1672,1672,a38-fragment01-9,LABEL_NOT_ONE_APT_ONE_INAPT,s1_label=apt;s2_label=apt,
250,1672,1672,a38-fragment01-9,LABEL_NOT_ONE_APT_ONE_INAPT,s1_label=inapt;s2_label=inapt,
254,1689,1689,a38-fragment01-17,LABEL_NOT_ONE_APT_ONE_INAPT,s1_label=inapt;s2_label=inapt,
258,1721,1721,a38-fragment01-33,LABEL_NOT_ONE_APT_ONE_INAPT,s1_label=inapt;s2_label=inapt,
262,1735,1735,a39-fragment01-6,LABEL_NOT_ONE_APT_ONE_INAPT,s1_label=inapt;s2_label=inapt,
263,1749,1749,a3c-fragment05-187,INSUFFICIENT_SHARED_RIGHT_CONTEXT,observed_orthographic_words=2;required=3,
264,1761,1761,a3c-fragment05-195,UNRESOLVED_NON_TARGET_CONTEXT_MISMATCH,mismatch=left_context,
265,1775,1775,a3c-fragment05-203,INSUFFICIENT_SHARED_RIGHT_CONTEXT,observed_orthographic_words=0;required=3,
266,1775,1775,a3c-fragment05-203,INSUFFICIENT_SHARED_RIGHT_CONTEXT,observed_orthographic_words=0;required=3,
267,1775,1775,a3c-fragment05-203,LABEL_NOT_ONE_APT_ONE_INAPT,s1_label=apt;s2_label=apt,
272,1839,1839,a3e-fragment02-10,INSUFFICIENT_SHARED_RIGHT_CONTEXT,observed_orthographic_words=2;required=3,
273,1839,1839,a3e-fragment02-10,INSUFFICIENT_SHARED_RIGHT_CONTEXT,observed_orthographic_words=2;required=3,
274,1839,1839,a3e-fragment02-10,INSUFFICIENT_SHARED_RIGHT_CONTEXT,observed_orthographic_words=2;required=3,
275,1839,1839,a3e-fragment02-10,LABEL_NOT_ONE_APT_ONE_INAPT,s1_label=inapt;s2_label=inapt,
276,1839,1839,a3e-fragment02-10,LABEL_NOT_ONE_APT_ONE_INAPT,s1_label=inapt;s2_label=inapt,
277,1839,1839,a3e-fragment02-10,LABEL_NOT_ONE_APT_ONE_INAPT,s1_label=inapt;s2_label=inapt,
282,1875,1875,a3e-fragment03-33,INSUFFICIENT_SHARED_RIGHT_CONTEXT,observed_orthographic_words=1;required=3,
285,1891,1891,a3e-fragment03-47,LABEL_NOT_ONE_APT_ONE_INAPT,s1_label=inapt;s2_label=inapt,
292,2016,2016,a3k-fragment11-153,INSUFFICIENT_SHARED_RIGHT_CONTEXT,observed_orthographic_words=0;required=3,
296,2020,2020,a3k-fragment11-158,LABEL_NOT_ONE_APT_ONE_INAPT,s1_label=inapt;s2_label=inapt,
297,2020,2020,a3k-fragment11-158,LABEL_NOT_ONE_APT_ONE_INAPT,s1_label=inapt;s2_label=inapt,
298,2020,2020,a3k-fragment11-158,LABEL_NOT_ONE_APT_ONE_INAPT,s1_label=inapt;s2_label=inapt,
301,2038,2038,a3m-fragment02-48,LABEL_NOT_ONE_APT_ONE_INAPT,s1_label=inapt;s2_label=inapt,
305,2109,2109,a3m-fragment02-82,INSUFFICIENT_SHARED_RIGHT_CONTEXT,observed_orthographic_words=2;required=3,
308,2132,2132,a3p-fragment09-159,LABEL_NOT_ONE_APT_ONE_INAPT,s1_label=inapt;s2_label=inapt,
313,2143,2143,a3p-fragment09-172,LABEL_NOT_ONE_APT_ONE_INAPT,s1_label=apt;s2_label=apt,
314,2143,2143,a3p-fragment09-172,LABEL_NOT_ONE_APT_ONE_INAPT,s1_label=inapt;s2_label=inapt,
317,2172,2172,a3p-fragment09-188,LABEL_NOT_ONE_APT_ONE_INAPT,s1_label=inapt;s2_label=inapt,
320,2173,2173,a3p-fragment09-188,LABEL_NOT_ONE_APT_ONE_INAPT,s1_label=inapt;s2_label=inapt,
324,2206,2206,a4d-fragment02-80,LABEL_NOT_ONE_APT_ONE_INAPT,s1_label=inapt;s2_label=inapt,
327,2216,2216,a4d-fragment02-90,LABEL_NOT_ONE_APT_ONE_INAPT,s1_label=inapt;s2_label=inapt,
330,2242,2242,a4d-fragment02-107,LABEL_NOT_ONE_APT_ONE_INAPT,s1_label=inapt;s2_label=inapt,
336,2258,2258,a4d-fragment02-116,LABEL_NOT_ONE_APT_ONE_INAPT,s1_label=inapt;s2_label=inapt,
337,2258,2258,a4d-fragment02-116,LABEL_NOT_ONE_APT_ONE_INAPT,s1_label=inapt;s2_label=inapt,
338,2258,2258,a4d-fragment02-116,LABEL_NOT_ONE_APT_ONE_INAPT,s1_label=inapt;s2_label=inapt,
339,2258,2258,a4d-fragment02-116,LABEL_NOT_ONE_APT_ONE_INAPT,s1_label=inapt;s2_label=inapt,
340,2258,2258,a4d-fragment02-116,LABEL_NOT_ONE_APT_ONE_INAPT,s1_label=inapt;s2_label=inapt,
341,2258,2258,a4d-fragment02-116,LABEL_NOT_ONE_APT_ONE_INAPT,s1_label=inapt;s2_label=inapt,
344,2271,2271,a4d-fragment02-124,LABEL_NOT_ONE_APT_ONE_INAPT,s1_label=inapt;s2_label=inapt,
347,2274,2274,a5e-fragment06-147,LABEL_NOT_ONE_APT_ONE_INAPT,s1_label=inapt;s2_label=inapt,
348,2275,2275,a5e-fragment06-147,INSUFFICIENT_SHARED_RIGHT_CONTEXT,observed_orthographic_words=2;required=3,
349,2275,2275,a5e-fragment06-147,INSUFFICIENT_SHARED_RIGHT_CONTEXT,observed_orthographic_words=2;required=3,
350,2275,2275,a5e-fragment06-147,LABEL_NOT_ONE_APT_ONE_INAPT,s1_label=apt;s2_label=apt,
355,2387,2387,a5e-fragment06-201,INSUFFICIENT_SHARED_RIGHT_CONTEXT,observed_orthographic_words=0;required=3,
356,2387,2387,a5e-fragment06-201,INSUFFICIENT_SHARED_RIGHT_CONTEXT,observed_orthographic_words=0;required=3,
357,2387,2387,a5e-fragment06-201,INSUFFICIENT_SHARED_RIGHT_CONTEXT,observed_orthographic_words=0;required=3,
358,2387,2387,a5e-fragment06-201,INSUFFICIENT_SHARED_RIGHT_CONTEXT,observed_orthographic_words=0;required=3,
359,2387,2387,a5e-fragment06-201,INSUFFICIENT_SHARED_RIGHT_CONTEXT,observed_orthographic_words=0;required=3,
360,2387,2387,a5e-fragment06-201,LABEL_NOT_ONE_APT_ONE_INAPT,s1_label=inapt;s2_label=inapt,
361,2387,2387,a5e-fragment06-201,LABEL_NOT_ONE_APT_ONE_INAPT,s1_label=inapt;s2_label=inapt,
362,2387,2387,a5e-fragment06-201,LABEL_NOT_ONE_APT_ONE_INAPT,s1_label=inapt;s2_label=inapt,
363,2387,2387,a5e-fragment06-201,LABEL_NOT_ONE_APT_ONE_INAPT,s1_label=inapt;s2_label=inapt,
364,2387,2387,a5e-fragment06-201,LABEL_NOT_ONE_APT_ONE_INAPT,s1_label=inapt;s2_label=inapt,
365,2387,2387,a5e-fragment06-201,LABEL_NOT_ONE_APT_ONE_INAPT,s1_label=inapt;s2_label=inapt,
366,2387,2387,a5e-fragment06-201,LABEL_NOT_ONE_APT_ONE_INAPT,s1_label=inapt;s2_label=inapt,
367,2387,2387,a5e-fragment06-201,LABEL_NOT_ONE_APT_ONE_INAPT,s1_label=inapt;s2_label=inapt,
368,2387,2387,a5e-fragment06-201,LABEL_NOT_ONE_APT_ONE_INAPT,s1_label=inapt;s2_label=inapt,
369,2387,2387,a5e-fragment06-201,LABEL_NOT_ONE_APT_ONE_INAPT,s1_label=inapt;s2_label=inapt,
370,2391,2391,a6u-fragment02-167,UNRESOLVED_NON_TARGET_CONTEXT_MISMATCH,mismatch=left_context,
377,2399,2399,a6u-fragment02-169,LABEL_NOT_ONE_APT_ONE_INAPT,s1_label=inapt;s2_label=inapt,
378,2399,2399,a6u-fragment02-169,LABEL_NOT_ONE_APT_ONE_INAPT,s1_label=inapt;s2_label=inapt,
379,2399,2399,a6u-fragment02-169,LABEL_NOT_ONE_APT_ONE_INAPT,s1_label=inapt;s2_label=inapt,
380,2399,2399,a6u-fragment02-169,LABEL_NOT_ONE_APT_ONE_INAPT,s1_label=inapt;s2_label=inapt,
381,2399,2399,a6u-fragment02-169,LABEL_NOT_ONE_APT_ONE_INAPT,s1_label=inapt;s2_label=inapt,
382,2399,2399,a6u-fragment02-169,LABEL_NOT_ONE_APT_ONE_INAPT,s1_label=inapt;s2_label=inapt,
387,2418,2418,a6u-fragment02-175,LABEL_NOT_ONE_APT_ONE_INAPT,s1_label=inapt;s2_label=inapt,
388,2418,2418,a6u-fragment02-175,LABEL_NOT_ONE_APT_ONE_INAPT,s1_label=inapt;s2_label=inapt,
389,2418,2418,a6u-fragment02-175,LABEL_NOT_ONE_APT_ONE_INAPT,s1_label=inapt;s2_label=inapt,
394,2477,2477,a6u-fragment02-203,UNRESOLVED_NON_TARGET_CONTEXT_MISMATCH,mismatch=left_context,
398,2504,2504,a6u-fragment02-212,LABEL_NOT_ONE_APT_ONE_INAPT,s1_label=inapt;s2_label=inapt,
406,2561,2561,a6u-fragment02-243,LABEL_NOT_ONE_APT_ONE_INAPT,s1_label=inapt;s2_label=inapt,
408,2572,2572,a6u-fragment02-246,INSUFFICIENT_SHARED_RIGHT_CONTEXT,observed_orthographic_words=0;required=3,
409,2572,2572,a6u-fragment02-246,INSUFFICIENT_SHARED_RIGHT_CONTEXT,observed_orthographic_words=0;required=3,
410,2572,2572,a6u-fragment02-246,LABEL_NOT_ONE_APT_ONE_INAPT,s1_label=inapt;s2_label=inapt,
413,2580,2580,a6u-fragment02-253,LABEL_NOT_ONE_APT_ONE_INAPT,s1_label=inapt;s2_label=inapt,
415,2589,2589,a6u-fragment02-256,INSUFFICIENT_SHARED_RIGHT_CONTEXT,observed_orthographic_words=2;required=3,
420,2621,2621,a6u-fragment02-263,INSUFFICIENT_SHARED_RIGHT_CONTEXT,observed_orthographic_words=2;required=3,
421,2621,2621,a6u-fragment02-263,INSUFFICIENT_SHARED_RIGHT_CONTEXT,observed_orthographic_words=2;required=3,
422,2621,2621,a6u-fragment02-263,INSUFFICIENT_SHARED_RIGHT_CONTEXT,observed_orthographic_words=2;required=3,
423,2621,2621,a6u-fragment02-263,INSUFFICIENT_SHARED_RIGHT_CONTEXT,observed_orthographic_words=2;required=3,
424,2621,2621,a6u-fragment02-263,LABEL_NOT_ONE_APT_ONE_INAPT,s1_label=apt;s2_label=apt,
425,2621,2621,a6u-fragment02-263,LABEL_NOT_ONE_APT_ONE_INAPT,s1_label=inapt;s2_label=inapt,
427,2740,2740,a7s-fragment03-60,INSUFFICIENT_SHARED_RIGHT_CONTEXT,observed_orthographic_words=0;required=3,
428,2740,2740,a7s-fragment03-60,INSUFFICIENT_SHARED_RIGHT_CONTEXT,observed_orthographic_words=0;required=3,
429,2740,2740,a7s-fragment03-60,LABEL_NOT_ONE_APT_ONE_INAPT,s1_label=inapt;s2_label=inapt,
433,2768,2768,a7s-fragment03-78,LABEL_NOT_ONE_APT_ONE_INAPT,s1_label=inapt;s2_label=inapt,
439,2859,2859,a7t-fragment01-23,LABEL_NOT_ONE_APT_ONE_INAPT,s1_label=apt;s2_label=apt,
440,2859,2859,a7t-fragment01-23,LABEL_NOT_ONE_APT_ONE_INAPT,s1_label=inapt;s2_label=inapt,
451,3023,3023,a7w-fragment01-17,INSUFFICIENT_SHARED_RIGHT_CONTEXT,observed_orthographic_words=0;required=3,
453,3030,3030,a7w-fragment01-23,INSUFFICIENT_SHARED_RIGHT_CONTEXT,observed_orthographic_words=0;required=3,
454,3039,3039,a7w-fragment01-28,INSUFFICIENT_SHARED_RIGHT_CONTEXT,observed_orthographic_words=0;required=3,
458,3053,3053,a7w-fragment01-33,LABEL_NOT_ONE_APT_ONE_INAPT,s1_label=inapt;s2_label=inapt,
463,3127,3127,a7w-fragment01-64,LABEL_NOT_ONE_APT_ONE_INAPT,s1_label=inapt;s2_label=inapt,
470,3184,3184,a7y-fragment03-185,LABEL_NOT_ONE_APT_ONE_INAPT,s1_label=inapt;s2_label=inapt,
473,3242,3242,a80-fragment15-274,UNRESOLVED_NON_TARGET_CONTEXT_MISMATCH,mismatch=left_context,
474,3242,3242,a80-fragment15-274,UNRESOLVED_NON_TARGET_CONTEXT_MISMATCH,mismatch=left_context,
475,3242,3242,a80-fragment15-274,LABEL_NOT_ONE_APT_ONE_INAPT,s1_label=apt;s2_label=apt,
476,3254,3254,a80-fragment15-279,UNRESOLVED_NON_TARGET_CONTEXT_MISMATCH,mismatch=left_context,
482,3311,3311,a8m-fragment02-64,LABEL_NOT_ONE_APT_ONE_INAPT,s1_label=inapt;s2_label=inapt,
483,3316,3316,a8m-fragment02-64,INSUFFICIENT_SHARED_RIGHT_CONTEXT,observed_orthographic_words=0;required=3,
486,3347,3347,a8n-fragment19-315,LABEL_NOT_ONE_APT_ONE_INAPT,s1_label=inapt;s2_label=inapt,
487,3366,3366,a8n-fragment19-323,UNRESOLVED_NON_TARGET_CONTEXT_MISMATCH,mismatch=left_context,
488,3366,3366,a8n-fragment19-323,UNRESOLVED_NON_TARGET_CONTEXT_MISMATCH,mismatch=left_context,
489,3366,3366,a8n-fragment19-323,LABEL_NOT_ONE_APT_ONE_INAPT,s1_label=apt;s2_label=apt,
493,3379,3379,a8n-fragment19-328,LABEL_NOT_ONE_APT_ONE_INAPT,s1_label=inapt;s2_label=inapt,
496,3414,3414,a8r-fragment02-21,INSUFFICIENT_SHARED_RIGHT_CONTEXT,observed_orthographic_words=0;required=3,
497,3420,3420,a8r-fragment02-29,INSUFFICIENT_SHARED_RIGHT_CONTEXT,observed_orthographic_words=1;required=3,
498,3420,3420,a8r-fragment02-29,INSUFFICIENT_SHARED_RIGHT_CONTEXT,observed_orthographic_words=1;required=3,
499,3420,3420,a8r-fragment02-29,LABEL_NOT_ONE_APT_ONE_INAPT,s1_label=inapt;s2_label=inapt,
500,3422,3422,a8r-fragment02-30,INSUFFICIENT_SHARED_RIGHT_CONTEXT,observed_orthographic_words=0;required=3,
501,3460,3460,a8r-fragment02-52,INSUFFICIENT_SHARED_RIGHT_CONTEXT,observed_orthographic_words=2;required=3,
502,3460,3460,a8r-fragment02-52,INSUFFICIENT_SHARED_RIGHT_CONTEXT,observed_orthographic_words=2;required=3,
503,3460,3460,a8r-fragment02-52,LABEL_NOT_ONE_APT_ONE_INAPT,s1_label=inapt;s2_label=inapt,
506,3465,3465,a8r-fragment02-55,LABEL_NOT_ONE_APT_ONE_INAPT,s1_label=apt;s2_label=apt,
512,3521,3521,a8u-fragment14-319,LABEL_NOT_ONE_APT_ONE_INAPT,s1_label=inapt;s2_label=inapt,
513,3529,3529,a8u-fragment14-320,INSUFFICIENT_SHARED_RIGHT_CONTEXT,observed_orthographic_words=0;required=3,
518,3572,3572,a8u-fragment14-336,LABEL_NOT_ONE_APT_ONE_INAPT,s1_label=inapt;s2_label=inapt,
521,3581,3581,a8u-fragment14-342,LABEL_NOT_ONE_APT_ONE_INAPT,s1_label=inapt;s2_label=inapt,
528,3641,3641,a98-fragment03-66,UNRESOLVED_NON_TARGET_CONTEXT_MISMATCH,mismatch=left_context,
529,3641,3641,a98-fragment03-66,LABEL_NOT_ONE_APT_ONE_INAPT,s1_label=apt;s2_label=apt,
532,3656,3656,a98-fragment03-79,LABEL_NOT_ONE_APT_ONE_INAPT,s1_label=inapt;s2_label=inapt,
536,3754,3754,a9j-fragment01-25,INSUFFICIENT_SHARED_RIGHT_CONTEXT,observed_orthographic_words=2;required=3,
537,3754,3754,a9j-fragment01-25,INSUFFICIENT_SHARED_RIGHT_CONTEXT,observed_orthographic_words=2;required=3,
538,3754,3754,a9j-fragment01-25,LABEL_NOT_ONE_APT_ONE_INAPT,s1_label=inapt;s2_label=inapt,
539,3755,3755,a9j-fragment01-25,UNRESOLVED_NON_TARGET_CONTEXT_MISMATCH,mismatch=left_context,
541,3772,3772,a9j-fragment01-32,INSUFFICIENT_SHARED_RIGHT_CONTEXT,observed_orthographic_words=2;required=3,
544,3809,3809,a9j-fragment01-47,LABEL_NOT_ONE_APT_ONE_INAPT,s1_label=inapt;s2_label=inapt,
545,3815,3815,a9j-fragment01-47,INSUFFICIENT_SHARED_RIGHT_CONTEXT,observed_orthographic_words=0;required=3,
548,3826,3826,a9j-fragment01-50,INSUFFICIENT_SHARED_RIGHT_CONTEXT,observed_orthographic_words=0;required=3,
554,3932,3932,aa3-fragment08-227,LABEL_NOT_ONE_APT_ONE_INAPT,s1_label=inapt;s2_label=inapt,
558,3941,3941,aa3-fragment08-229,LABEL_NOT_ONE_APT_ONE_INAPT,s1_label=inapt;s2_label=inapt,
562,3961,3961,aa3-fragment08-237,LABEL_NOT_ONE_APT_ONE_INAPT,s1_label=inapt;s2_label=inapt,
565,3972,3972,aa3-fragment08-242,INSUFFICIENT_SHARED_RIGHT_CONTEXT,observed_orthographic_words=2;required=3,
566,3972,3972,aa3-fragment08-242,INSUFFICIENT_SHARED_RIGHT_CONTEXT,observed_orthographic_words=2;required=3,
567,3972,3972,aa3-fragment08-242,LABEL_NOT_ONE_APT_ONE_INAPT,s1_label=inapt;s2_label=inapt,
570,3980,3980,aa3-fragment08-246,LABEL_NOT_ONE_APT_ONE_INAPT,s1_label=inapt;s2_label=inapt,
576,4020,4020,ab9-fragment03-809,LABEL_NOT_ONE_APT_ONE_INAPT,s1_label=inapt;s2_label=inapt,
577,4020,4020,ab9-fragment03-809,LABEL_NOT_ONE_APT_ONE_INAPT,s1_label=inapt;s2_label=inapt,
578,4020,4020,ab9-fragment03-809,LABEL_NOT_ONE_APT_ONE_INAPT,s1_label=inapt;s2_label=inapt,
582,4039,4039,ab9-fragment03-836,LABEL_NOT_ONE_APT_ONE_INAPT,s1_label=apt;s2_label=apt,
584,4051,4051,ab9-fragment03-848,INSUFFICIENT_SHARED_RIGHT_CONTEXT,observed_orthographic_words=0;required=3,
585,4056,4056,ab9-fragment03-853,INSUFFICIENT_SHARED_RIGHT_CONTEXT,observed_orthographic_words=0;required=3,
594,4192,4192,ab9-fragment03-952,INSUFFICIENT_SHARED_RIGHT_CONTEXT,observed_orthographic_words=1;required=3,
595,4192,4192,ab9-fragment03-952,INSUFFICIENT_SHARED_RIGHT_CONTEXT,observed_orthographic_words=1;required=3,
596,4192,4192,ab9-fragment03-952,LABEL_NOT_ONE_APT_ONE_INAPT,s1_label=inapt;s2_label=inapt,
599,4199,4199,ab9-fragment03-958,UNRESOLVED_NON_TARGET_CONTEXT_MISMATCH,mismatch=left_context,
600,4199,4199,ab9-fragment03-958,UNRESOLVED_NON_TARGET_CONTEXT_MISMATCH,mismatch=left_context,
601,4199,4199,ab9-fragment03-958,LABEL_NOT_ONE_APT_ONE_INAPT,s1_label=inapt;s2_label=inapt,
602,4203,4203,ab9-fragment03-959,INSUFFICIENT_SHARED_RIGHT_CONTEXT,observed_orthographic_words=1;required=3,
605,4210,4210,ab9-fragment03-965,LABEL_NOT_ONE_APT_ONE_INAPT,s1_label=apt;s2_label=apt,
613,4251,4251,ab9-fragment03-974,LABEL_NOT_ONE_APT_ONE_INAPT,s1_label=apt;s2_label=apt,
614,4251,4251,ab9-fragment03-974,LABEL_NOT_ONE_APT_ONE_INAPT,s1_label=inapt;s2_label=inapt,
619,4342,4342,ac2-fragment06-1273,INSUFFICIENT_SHARED_RIGHT_CONTEXT,observed_orthographic_words=0;required=3,
622,4350,4350,ac2-fragment06-1283,LABEL_NOT_ONE_APT_ONE_INAPT,s1_label=apt;s2_label=apt,
625,4356,4356,ac2-fragment06-1294,LABEL_NOT_ONE_APT_ONE_INAPT,s1_label=inapt;s2_label=inapt,
626,4372,4372,ac2-fragment06-1324,INSUFFICIENT_SHARED_RIGHT_CONTEXT,observed_orthographic_words=0;required=3,
630,4410,4410,ac2-fragment06-1390,INSUFFICIENT_SHARED_RIGHT_CONTEXT,observed_orthographic_words=0;required=3,
631,4410,4410,ac2-fragment06-1390,INSUFFICIENT_SHARED_RIGHT_CONTEXT,observed_orthographic_words=0;required=3,
632,4410,4410,ac2-fragment06-1390,LABEL_NOT_ONE_APT_ONE_INAPT,s1_label=inapt;s2_label=inapt,
633,4426,4426,ac2-fragment06-1414,INSUFFICIENT_SHARED_RIGHT_CONTEXT,observed_orthographic_words=2;required=3,
634,4442,4442,ac2-fragment06-1430,INSUFFICIENT_SHARED_RIGHT_CONTEXT,observed_orthographic_words=0;required=3,
637,4496,4496,ac2-fragment06-1475,INSUFFICIENT_SHARED_RIGHT_CONTEXT,observed_orthographic_words=0;required=3,
639,4540,4540,ac2-fragment06-1515,INSUFFICIENT_SHARED_RIGHT_CONTEXT,observed_orthographic_words=0;required=3,
640,4550,4550,ac2-fragment06-1529,INSUFFICIENT_SHARED_RIGHT_CONTEXT,observed_orthographic_words=0;required=3,
642,4566,4566,ac2-fragment06-1555,INSUFFICIENT_SHARED_RIGHT_CONTEXT,observed_orthographic_words=2;required=3,
645,4567,4567,ac2-fragment06-1562,LABEL_NOT_ONE_APT_ONE_INAPT,s1_label=inapt;s2_label=inapt,
651,4601,4601,acj-fragment01-8,LABEL_NOT_ONE_APT_ONE_INAPT,s1_label=inapt;s2_label=inapt,
652,4601,4601,acj-fragment01-8,LABEL_NOT_ONE_APT_ONE_INAPT,s1_label=inapt;s2_label=inapt,
653,4601,4601,acj-fragment01-8,LABEL_NOT_ONE_APT_ONE_INAPT,s1_label=inapt;s2_label=inapt,
656,4617,4617,acj-fragment01-16,LABEL_NOT_ONE_APT_ONE_INAPT,s1_label=inapt;s2_label=inapt,
659,4622,4622,acj-fragment01-17,LABEL_NOT_ONE_APT_ONE_INAPT,s1_label=apt;s2_label=apt,
663,4706,4706,acj-fragment01-50,LABEL_NOT_ONE_APT_ONE_INAPT,s1_label=inapt;s2_label=inapt,
670,4759,4759,acj-fragment01-69,LABEL_NOT_ONE_APT_ONE_INAPT,s1_label=inapt;s2_label=inapt,
673,4766,4766,acj-fragment01-70,LABEL_NOT_ONE_APT_ONE_INAPT,s1_label=inapt;s2_label=inapt,
675,4798,4798,acj-fragment01-84,INSUFFICIENT_SHARED_RIGHT_CONTEXT,observed_orthographic_words=0;required=3,
676,4798,4798,acj-fragment01-84,INSUFFICIENT_SHARED_RIGHT_CONTEXT,observed_orthographic_words=0;required=3,
677,4798,4798,acj-fragment01-84,LABEL_NOT_ONE_APT_ONE_INAPT,s1_label=inapt;s2_label=inapt,
680,4812,4812,acj-fragment01-95,LABEL_NOT_ONE_APT_ONE_INAPT,s1_label=inapt;s2_label=inapt,
688,4888,4888,acj-fragment01-124,LABEL_NOT_ONE_APT_ONE_INAPT,s1_label=inapt;s2_label=inapt,
692,4891,4891,acj-fragment01-126,LABEL_NOT_ONE_APT_ONE_INAPT,s1_label=inapt;s2_label=inapt,
699,4948,4948,acj-fragment01-139,LABEL_NOT_ONE_APT_ONE_INAPT,s1_label=apt;s2_label=apt,
704,4972,4972,acj-fragment01-145,LABEL_NOT_ONE_APT_ONE_INAPT,s1_label=inapt;s2_label=inapt,
708,5072,5072,ahb-fragment51-753,UNRESOLVED_NON_TARGET_CONTEXT_MISMATCH,mismatch=right_context,
709,5075,5075,ahb-fragment51-753,UNRESOLVED_NON_TARGET_CONTEXT_MISMATCH,mismatch=right_context,
713,5158,5158,ahc-fragment60-1243,LABEL_NOT_ONE_APT_ONE_INAPT,s1_label=inapt;s2_label=inapt,
717,5203,5203,ahc-fragment61-1265,LABEL_NOT_ONE_APT_ONE_INAPT,s1_label=inapt;s2_label=inapt,
720,5253,5253,ahc-fragment61-1293,LABEL_NOT_ONE_APT_ONE_INAPT,s1_label=apt;s2_label=apt,
725,5308,5308,ahe-fragment03-44,LABEL_NOT_ONE_APT_ONE_INAPT,s1_label=inapt;s2_label=inapt,
727,5330,5330,ahf-fragment24-552,INSUFFICIENT_SHARED_RIGHT_CONTEXT,observed_orthographic_words=2;required=3,
730,5398,5398,ahf-fragment24-597,LABEL_NOT_ONE_APT_ONE_INAPT,s1_label=inapt;s2_label=inapt,
733,5399,5399,ahf-fragment24-597,LABEL_NOT_ONE_APT_ONE_INAPT,s1_label=inapt;s2_label=inapt,
737,5423,5423,ahf-fragment63-1173,LABEL_NOT_ONE_APT_ONE_INAPT,s1_label=inapt;s2_label=inapt,
740,5460,5460,ahf-fragment63-1189,LABEL_NOT_ONE_APT_ONE_INAPT,s1_label=apt;s2_label=apt,
744,5487,5487,ahf-fragment63-1203,LABEL_NOT_ONE_APT_ONE_INAPT,s1_label=apt;s2_label=apt,
747,5532,5532,ahf-fragment63-1225,UNRESOLVED_NON_TARGET_CONTEXT_MISMATCH,mismatch=left_context,
749,5532,5532,ahf-fragment63-1225,UNRESOLVED_NON_TARGET_CONTEXT_MISMATCH,mismatch=left_context,
750,5532,5532,ahf-fragment63-1225,LABEL_NOT_ONE_APT_ONE_INAPT,s1_label=inapt;s2_label=inapt,
751,5532,5532,ahf-fragment63-1225,LABEL_NOT_ONE_APT_ONE_INAPT,s1_label=inapt;s2_label=inapt,
752,5532,5532,ahf-fragment63-1225,LABEL_NOT_ONE_APT_ONE_INAPT,s1_label=inapt;s2_label=inapt,
753,5532,5532,ahf-fragment63-1225,LABEL_NOT_ONE_APT_ONE_INAPT,s1_label=inapt;s2_label=inapt,
754,5532,5532,ahf-fragment63-1225,LABEL_NOT_ONE_APT_ONE_INAPT,s1_label=inapt;s2_label=inapt,
755,5532,5532,ahf-fragment63-1225,LABEL_NOT_ONE_APT_ONE_INAPT,s1_label=inapt;s2_label=inapt,
756,5536,5536,ahf-fragment63-1227,INSUFFICIENT_SHARED_RIGHT_CONTEXT,observed_orthographic_words=0;required=3,
757,5536,5536,ahf-fragment63-1227,INSUFFICIENT_SHARED_RIGHT_CONTEXT,observed_orthographic_words=0;required=3,
758,5536,5536,ahf-fragment63-1227,LABEL_NOT_ONE_APT_ONE_INAPT,s1_label=inapt;s2_label=inapt,
759,5572,5572,ahl-fragment02-21,INSUFFICIENT_SHARED_RIGHT_CONTEXT,observed_orthographic_words=0;required=3,
762,5580,5580,ahl-fragment02-27,LABEL_NOT_ONE_APT_ONE_INAPT,s1_label=inapt;s2_label=inapt,
763,5581,5581,ahl-fragment02-27,UNRESOLVED_NON_TARGET_CONTEXT_MISMATCH,mismatch=left_context,
773,5687,5687,al2-fragment16-174,LABEL_NOT_ONE_APT_ONE_INAPT,s1_label=apt;s2_label=apt,
774,5687,5687,al2-fragment16-174,LABEL_NOT_ONE_APT_ONE_INAPT,s1_label=inapt;s2_label=inapt,
775,5696,5696,al2-fragment16-177,INSUFFICIENT_SHARED_RIGHT_CONTEXT,observed_orthographic_words=2;required=3,
781,5697,5697,al2-fragment16-178,LABEL_NOT_ONE_APT_ONE_INAPT,s1_label=inapt;s2_label=inapt,
782,5697,5697,al2-fragment16-178,LABEL_NOT_ONE_APT_ONE_INAPT,s1_label=inapt;s2_label=inapt,
783,5697,5697,al2-fragment16-178,LABEL_NOT_ONE_APT_ONE_INAPT,s1_label=inapt;s2_label=inapt,
784,5697,5697,al2-fragment16-178,LABEL_NOT_ONE_APT_ONE_INAPT,s1_label=inapt;s2_label=inapt,
785,5697,5697,al2-fragment16-178,LABEL_NOT_ONE_APT_ONE_INAPT,s1_label=inapt;s2_label=inapt,
786,5697,5697,al2-fragment16-178,LABEL_NOT_ONE_APT_ONE_INAPT,s1_label=inapt;s2_label=inapt,
787,5697,5697,al2-fragment16-178,LABEL_NOT_ONE_APT_ONE_INAPT,s1_label=inapt;s2_label=inapt,
788,5697,5697,al2-fragment16-178,LABEL_NOT_ONE_APT_ONE_INAPT,s1_label=inapt;s2_label=inapt,
789,5697,5697,al2-fragment16-178,LABEL_NOT_ONE_APT_ONE_INAPT,s1_label=inapt;s2_label=inapt,
790,5697,5697,al2-fragment16-178,LABEL_NOT_ONE_APT_ONE_INAPT,s1_label=inapt;s2_label=inapt,
793,5701,5701,al2-fragment16-178,LABEL_NOT_ONE_APT_ONE_INAPT,s1_label=apt;s2_label=apt,
795,5707,5707,al2-fragment16-179,INSUFFICIENT_SHARED_RIGHT_CONTEXT,observed_orthographic_words=0;required=3,
798,5729,5729,al2-fragment16-183,LABEL_NOT_ONE_APT_ONE_INAPT,s1_label=inapt;s2_label=inapt,
799,5741,5741,al2-fragment16-184,INSUFFICIENT_SHARED_RIGHT_CONTEXT,observed_orthographic_words=1;required=3,
800,5741,5741,al2-fragment16-184,INSUFFICIENT_SHARED_RIGHT_CONTEXT,observed_orthographic_words=1;required=3,
801,5741,5741,al2-fragment16-184,LABEL_NOT_ONE_APT_ONE_INAPT,s1_label=inapt;s2_label=inapt,
805,5747,5747,al2-fragment16-185,LABEL_NOT_ONE_APT_ONE_INAPT,s1_label=inapt;s2_label=inapt,
806,5747,5747,al2-fragment16-185,LABEL_NOT_ONE_APT_ONE_INAPT,s1_label=inapt;s2_label=inapt,
807,5747,5747,al2-fragment16-185,LABEL_NOT_ONE_APT_ONE_INAPT,s1_label=inapt;s2_label=inapt,
810,5761,5761,al2-fragment23-254,LABEL_NOT_ONE_APT_ONE_INAPT,s1_label=inapt;s2_label=inapt,
813,5775,5775,al2-fragment23-257,LABEL_NOT_ONE_APT_ONE_INAPT,s1_label=inapt;s2_label=inapt,
816,5823,5823,al2-fragment23-268,UNRESOLVED_NON_TARGET_CONTEXT_MISMATCH,mismatch=left_context,
820,5896,5896,al5-fragment03-42,INSUFFICIENT_SHARED_RIGHT_CONTEXT,observed_orthographic_words=0;required=3,
823,5898,5898,al5-fragment03-43,LABEL_NOT_ONE_APT_ONE_INAPT,s1_label=inapt;s2_label=inapt,
826,5941,5941,alp-fragment01-14,UNRESOLVED_NON_TARGET_CONTEXT_MISMATCH,mismatch=left_context,
832,5995,5995,alp-fragment01-28,INSUFFICIENT_SHARED_RIGHT_CONTEXT,observed_orthographic_words=2;required=3,
833,5995,5995,alp-fragment01-28,INSUFFICIENT_SHARED_RIGHT_CONTEXT,observed_orthographic_words=2;required=3,
834,5995,5995,alp-fragment01-28,LABEL_NOT_ONE_APT_ONE_INAPT,s1_label=apt;s2_label=apt,
837,6003,6003,alp-fragment01-32,LABEL_NOT_ONE_APT_ONE_INAPT,s1_label=inapt;s2_label=inapt,
841,6023,6023,alp-fragment01-40,LABEL_NOT_ONE_APT_ONE_INAPT,s1_label=inapt;s2_label=inapt,
844,6032,6032,alp-fragment01-45,LABEL_NOT_ONE_APT_ONE_INAPT,s1_label=inapt;s2_label=inapt,
847,6037,6037,alp-fragment01-47,LABEL_NOT_ONE_APT_ONE_INAPT,s1_label=inapt;s2_label=inapt,
850,6050,6050,alp-fragment01-56,LABEL_NOT_ONE_APT_ONE_INAPT,s1_label=inapt;s2_label=inapt,
854,6059,6059,alp-fragment01-58,LABEL_NOT_ONE_APT_ONE_INAPT,s1_label=inapt;s2_label=inapt,
859,6114,6114,alp-fragment01-83,LABEL_NOT_ONE_APT_ONE_INAPT,s1_label=inapt;s2_label=inapt,
861,6153,6153,alp-fragment01-96,UNRESOLVED_NON_TARGET_CONTEXT_MISMATCH,mismatch=left_context,
864,6159,6159,alp-fragment01-100,LABEL_NOT_ONE_APT_ONE_INAPT,s1_label=inapt;s2_label=inapt,
868,6180,6180,amm-fragment02-1598,LABEL_NOT_ONE_APT_ONE_INAPT,s1_label=inapt;s2_label=inapt,
873,6214,6214,amm-fragment02-1616,LABEL_NOT_ONE_APT_ONE_INAPT,s1_label=inapt;s2_label=inapt,
874,6244,6244,amm-fragment02-1629,UNRESOLVED_NON_TARGET_CONTEXT_MISMATCH,mismatch=left_context,
877,6293,6293,amm-fragment02-1669,LABEL_NOT_ONE_APT_ONE_INAPT,s1_label=inapt;s2_label=inapt,
880,6332,6332,amm-fragment02-1741,LABEL_NOT_ONE_APT_ONE_INAPT,s1_label=inapt;s2_label=inapt,
886,6357,6357,amm-fragment02-1758,LABEL_NOT_ONE_APT_ONE_INAPT,s1_label=inapt;s2_label=inapt,
887,6357,6357,amm-fragment02-1758,LABEL_NOT_ONE_APT_ONE_INAPT,s1_label=inapt;s2_label=inapt,
888,6357,6357,amm-fragment02-1758,LABEL_NOT_ONE_APT_ONE_INAPT,s1_label=inapt;s2_label=inapt,
894,6405,6405,amm-fragment02-1786,LABEL_NOT_ONE_APT_ONE_INAPT,s1_label=inapt;s2_label=inapt,
903,6461,6461,as6-fragment01-14,LABEL_NOT_ONE_APT_ONE_INAPT,s1_label=inapt;s2_label=inapt,
904,6461,6461,as6-fragment01-14,LABEL_NOT_ONE_APT_ONE_INAPT,s1_label=inapt;s2_label=inapt,
905,6461,6461,as6-fragment01-14,LABEL_NOT_ONE_APT_ONE_INAPT,s1_label=inapt;s2_label=inapt,
908,6473,6473,as6-fragment01-17,LABEL_NOT_ONE_APT_ONE_INAPT,s1_label=inapt;s2_label=inapt,
913,6491,6491,as6-fragment01-21,LABEL_NOT_ONE_APT_ONE_INAPT,s1_label=inapt;s2_label=inapt,
917,6551,6551,as6-fragment01-38,LABEL_NOT_ONE_APT_ONE_INAPT,s1_label=apt;s2_label=apt,
924,6576,6576,as6-fragment01-47,LABEL_NOT_ONE_APT_ONE_INAPT,s1_label=inapt;s2_label=inapt,
925,6576,6576,as6-fragment01-47,LABEL_NOT_ONE_APT_ONE_INAPT,s1_label=inapt;s2_label=inapt,
926,6576,6576,as6-fragment01-47,LABEL_NOT_ONE_APT_ONE_INAPT,s1_label=inapt;s2_label=inapt,
927,6576,6576,as6-fragment01-47,LABEL_NOT_ONE_APT_ONE_INAPT,s1_label=inapt;s2_label=inapt,
928,6576,6576,as6-fragment01-47,LABEL_NOT_ONE_APT_ONE_INAPT,s1_label=inapt;s2_label=inapt,
929,6576,6576,as6-fragment01-47,LABEL_NOT_ONE_APT_ONE_INAPT,s1_label=inapt;s2_label=inapt,
932,6590,6590,as6-fragment01-51,LABEL_NOT_ONE_APT_ONE_INAPT,s1_label=inapt;s2_label=inapt,
938,6602,6602,as6-fragment01-62,LABEL_NOT_ONE_APT_ONE_INAPT,s1_label=inapt;s2_label=inapt,
939,6602,6602,as6-fragment01-62,LABEL_NOT_ONE_APT_ONE_INAPT,s1_label=inapt;s2_label=inapt,
940,6602,6602,as6-fragment01-62,LABEL_NOT_ONE_APT_ONE_INAPT,s1_label=inapt;s2_label=inapt,
941,6602,6602,as6-fragment01-62,LABEL_NOT_ONE_APT_ONE_INAPT,s1_label=inapt;s2_label=inapt,
942,6602,6602,as6-fragment01-62,LABEL_NOT_ONE_APT_ONE_INAPT,s1_label=inapt;s2_label=inapt,
943,6602,6602,as6-fragment01-62,LABEL_NOT_ONE_APT_ONE_INAPT,s1_label=inapt;s2_label=inapt,
946,6603,6603,as6-fragment01-62,LABEL_NOT_ONE_APT_ONE_INAPT,s1_label=inapt;s2_label=inapt,
949,6607,6607,as6-fragment01-63,LABEL_NOT_ONE_APT_ONE_INAPT,s1_label=inapt;s2_label=inapt,
952,6611,6611,as6-fragment01-68,LABEL_NOT_ONE_APT_ONE_INAPT,s1_label=inapt;s2_label=inapt,
953,6625,6625,as6-fragment01-69,INSUFFICIENT_SHARED_RIGHT_CONTEXT,observed_orthographic_words=2;required=3,
959,6653,6653,as6-fragment01-76,LABEL_NOT_ONE_APT_ONE_INAPT,s1_label=apt;s2_label=apt,
960,6653,6653,as6-fragment01-76,LABEL_NOT_ONE_APT_ONE_INAPT,s1_label=inapt;s2_label=inapt,
963,6663,6663,as6-fragment01-77,LABEL_NOT_ONE_APT_ONE_INAPT,s1_label=inapt;s2_label=inapt,
969,6689,6689,as6-fragment01-84,LABEL_NOT_ONE_APT_ONE_INAPT,s1_label=inapt;s2_label=inapt,
972,6700,6700,as6-fragment01-85,LABEL_NOT_ONE_APT_ONE_INAPT,s1_label=inapt;s2_label=inapt,
973,6725,6725,as6-fragment01-93,INSUFFICIENT_SHARED_RIGHT_CONTEXT,observed_orthographic_words=2;required=3,
976,6745,6745,as6-fragment01-98,LABEL_NOT_ONE_APT_ONE_INAPT,s1_label=inapt;s2_label=inapt,
977,6755,6755,as6-fragment01-101,INSUFFICIENT_SHARED_RIGHT_CONTEXT,observed_orthographic_words=2;required=3,
978,6755,6755,as6-fragment01-101,INSUFFICIENT_SHARED_RIGHT_CONTEXT,observed_orthographic_words=2;required=3,
979,6755,6755,as6-fragment01-101,LABEL_NOT_ONE_APT_ONE_INAPT,s1_label=apt;s2_label=apt,
983,6770,6770,as6-fragment01-104,LABEL_NOT_ONE_APT_ONE_INAPT,s1_label=inapt;s2_label=inapt,
987,6829,6829,as6-fragment01-116,LABEL_NOT_ONE_APT_ONE_INAPT,s1_label=apt;s2_label=apt,
990,6871,6871,as6-fragment02-356,LABEL_NOT_ONE_APT_ONE_INAPT,s1_label=inapt;s2_label=inapt,
998,6947,6947,as6-fragment02-378,LABEL_NOT_ONE_APT_ONE_INAPT,s1_label=inapt;s2_label=inapt,
1002,6980,6980,as6-fragment02-386,LABEL_NOT_ONE_APT_ONE_INAPT,s1_label=inapt;s2_label=inapt,
1006,6991,6991,as6-fragment02-388,LABEL_NOT_ONE_APT_ONE_INAPT,s1_label=inapt;s2_label=inapt,
1007,6991,6991,as6-fragment02-388,LABEL_NOT_ONE_APT_ONE_INAPT,s1_label=inapt;s2_label=inapt,
1008,6991,6991,as6-fragment02-388,LABEL_NOT_ONE_APT_ONE_INAPT,s1_label=inapt;s2_label=inapt,
1013,7043,7043,as6-fragment02-404,LABEL_NOT_ONE_APT_ONE_INAPT,s1_label=inapt;s2_label=inapt,
1016,7047,7047,as6-fragment02-405,LABEL_NOT_ONE_APT_ONE_INAPT,s1_label=apt;s2_label=apt,
1020,7055,7055,as6-fragment02-408,LABEL_NOT_ONE_APT_ONE_INAPT,s1_label=inapt;s2_label=inapt,
1025,7065,7065,as6-fragment02-411,LABEL_NOT_ONE_APT_ONE_INAPT,s1_label=inapt;s2_label=inapt,
1026,7065,7065,as6-fragment02-411,LABEL_NOT_ONE_APT_ONE_INAPT,s1_label=inapt;s2_label=inapt,
1027,7065,7065,as6-fragment02-411,LABEL_NOT_ONE_APT_ONE_INAPT,s1_label=inapt;s2_label=inapt,
1028,7065,7065,as6-fragment02-411,LABEL_NOT_ONE_APT_ONE_INAPT,s1_label=inapt;s2_label=inapt,
1029,7065,7065,as6-fragment02-411,LABEL_NOT_ONE_APT_ONE_INAPT,s1_label=inapt;s2_label=inapt,
1030,7065,7065,as6-fragment02-411,LABEL_NOT_ONE_APT_ONE_INAPT,s1_label=inapt;s2_label=inapt,
1036,7102,7102,as6-fragment02-422,LABEL_NOT_ONE_APT_ONE_INAPT,s1_label=inapt;s2_label=inapt,
1040,7149,7149,as6-fragment02-429,INSUFFICIENT_SHARED_RIGHT_CONTEXT,observed_orthographic_words=2;required=3,
1042,7168,7168,as6-fragment02-436,INSUFFICIENT_SHARED_RIGHT_CONTEXT,observed_orthographic_words=0;required=3,
1043,7168,7168,as6-fragment02-436,INSUFFICIENT_SHARED_RIGHT_CONTEXT,observed_orthographic_words=0;required=3,
1044,7168,7168,as6-fragment02-436,LABEL_NOT_ONE_APT_ONE_INAPT,s1_label=inapt;s2_label=inapt,
1051,7201,7201,b17-fragment02-175,LABEL_NOT_ONE_APT_ONE_INAPT,s1_label=inapt;s2_label=inapt,
1056,7255,7255,b17-fragment02-205,LABEL_NOT_ONE_APT_ONE_INAPT,s1_label=inapt;s2_label=inapt,
1060,7274,7274,b17-fragment02-210,LABEL_NOT_ONE_APT_ONE_INAPT,s1_label=inapt;s2_label=inapt,
1063,7296,7296,b17-fragment02-221,INSUFFICIENT_SHARED_RIGHT_CONTEXT,observed_orthographic_words=0;required=3,
1064,7296,7296,b17-fragment02-221,INSUFFICIENT_SHARED_RIGHT_CONTEXT,observed_orthographic_words=0;required=3,
1065,7296,7296,b17-fragment02-221,LABEL_NOT_ONE_APT_ONE_INAPT,s1_label=apt;s2_label=apt,
1070,7325,7325,b17-fragment02-231,LABEL_NOT_ONE_APT_ONE_INAPT,s1_label=inapt;s2_label=inapt,
1071,7325,7325,b17-fragment02-231,LABEL_NOT_ONE_APT_ONE_INAPT,s1_label=inapt;s2_label=inapt,
1072,7325,7325,b17-fragment02-231,LABEL_NOT_ONE_APT_ONE_INAPT,s1_label=inapt;s2_label=inapt,
1074,7339,7339,b17-fragment02-239,INSUFFICIENT_SHARED_RIGHT_CONTEXT,observed_orthographic_words=1;required=3,
1078,7361,7361,b1g-fragment02-742,LABEL_NOT_ONE_APT_ONE_INAPT,s1_label=inapt;s2_label=inapt,
1081,7413,7413,b1g-fragment02-752,INSUFFICIENT_SHARED_RIGHT_CONTEXT,observed_orthographic_words=0;required=3,
1082,7413,7413,b1g-fragment02-752,INSUFFICIENT_SHARED_RIGHT_CONTEXT,observed_orthographic_words=0;required=3,
1083,7413,7413,b1g-fragment02-752,LABEL_NOT_ONE_APT_ONE_INAPT,s1_label=inapt;s2_label=inapt,
1086,7436,7436,b1g-fragment02-757,LABEL_NOT_ONE_APT_ONE_INAPT,s1_label=inapt;s2_label=inapt,
1092,7519,7519,b1g-fragment02-1501,INSUFFICIENT_SHARED_RIGHT_CONTEXT,observed_orthographic_words=0;required=3,
1093,7519,7519,b1g-fragment02-1501,INSUFFICIENT_SHARED_RIGHT_CONTEXT,observed_orthographic_words=0;required=3,
1094,7519,7519,b1g-fragment02-1501,LABEL_NOT_ONE_APT_ONE_INAPT,s1_label=inapt;s2_label=inapt,
1102,7572,7572,b1g-fragment02-1521,LABEL_NOT_ONE_APT_ONE_INAPT,s1_label=inapt;s2_label=inapt,
1103,7573,7573,b1g-fragment02-1521,INSUFFICIENT_SHARED_RIGHT_CONTEXT,observed_orthographic_words=0;required=3,
1104,7573,7573,b1g-fragment02-1521,INSUFFICIENT_SHARED_RIGHT_CONTEXT,observed_orthographic_words=0;required=3,
1105,7573,7573,b1g-fragment02-1521,LABEL_NOT_ONE_APT_ONE_INAPT,s1_label=inapt;s2_label=inapt,
1112,7631,7631,b1g-fragment02-1548,LABEL_NOT_ONE_APT_ONE_INAPT,s1_label=inapt;s2_label=inapt,
1113,7631,7631,b1g-fragment02-1548,LABEL_NOT_ONE_APT_ONE_INAPT,s1_label=inapt;s2_label=inapt,
1114,7631,7631,b1g-fragment02-1548,LABEL_NOT_ONE_APT_ONE_INAPT,s1_label=inapt;s2_label=inapt,
1115,7631,7631,b1g-fragment02-1548,LABEL_NOT_ONE_APT_ONE_INAPT,s1_label=inapt;s2_label=inapt,
1116,7631,7631,b1g-fragment02-1548,LABEL_NOT_ONE_APT_ONE_INAPT,s1_label=inapt;s2_label=inapt,
1117,7631,7631,b1g-fragment02-1548,LABEL_NOT_ONE_APT_ONE_INAPT,s1_label=inapt;s2_label=inapt,
1120,7690,7690,b1g-fragment02-1570,INSUFFICIENT_SHARED_RIGHT_CONTEXT,observed_orthographic_words=2;required=3,
1124,7763,7763,bmw-fragment09-2567,INSUFFICIENT_SHARED_RIGHT_CONTEXT,observed_orthographic_words=1;required=3,
1130,7815,7815,bmw-fragment09-2611,LABEL_NOT_ONE_APT_ONE_INAPT,s1_label=inapt;s2_label=inapt,
1131,7815,7815,bmw-fragment09-2611,LABEL_NOT_ONE_APT_ONE_INAPT,s1_label=inapt;s2_label=inapt,
1132,7815,7815,bmw-fragment09-2611,LABEL_NOT_ONE_APT_ONE_INAPT,s1_label=inapt;s2_label=inapt,
1133,7815,7815,bmw-fragment09-2611,LABEL_NOT_ONE_APT_ONE_INAPT,s1_label=inapt;s2_label=inapt,
1134,7815,7815,bmw-fragment09-2611,LABEL_NOT_ONE_APT_ONE_INAPT,s1_label=inapt;s2_label=inapt,
1135,7815,7815,bmw-fragment09-2611,LABEL_NOT_ONE_APT_ONE_INAPT,s1_label=inapt;s2_label=inapt,
1136,7815,7815,bmw-fragment09-2611,LABEL_NOT_ONE_APT_ONE_INAPT,s1_label=inapt;s2_label=inapt,
1137,7815,7815,bmw-fragment09-2611,LABEL_NOT_ONE_APT_ONE_INAPT,s1_label=inapt;s2_label=inapt,
1138,7815,7815,bmw-fragment09-2611,LABEL_NOT_ONE_APT_ONE_INAPT,s1_label=inapt;s2_label=inapt,
1139,7815,7815,bmw-fragment09-2611,LABEL_NOT_ONE_APT_ONE_INAPT,s1_label=inapt;s2_label=inapt,
1141,7821,7821,bmw-fragment09-2614,INSUFFICIENT_SHARED_RIGHT_CONTEXT,observed_orthographic_words=0;required=3,
1145,7839,7839,bmw-fragment09-2623,LABEL_NOT_ONE_APT_ONE_INAPT,s1_label=inapt;s2_label=inapt,
1146,7858,7858,bmw-fragment09-2631,INSUFFICIENT_SHARED_RIGHT_CONTEXT,observed_orthographic_words=2;required=3,
1150,7865,7865,bmw-fragment09-2635,LABEL_NOT_ONE_APT_ONE_INAPT,s1_label=inapt;s2_label=inapt,
1151,7865,7865,bmw-fragment09-2635,LABEL_NOT_ONE_APT_ONE_INAPT,s1_label=inapt;s2_label=inapt,
1152,7865,7865,bmw-fragment09-2635,LABEL_NOT_ONE_APT_ONE_INAPT,s1_label=inapt;s2_label=inapt,
1156,7874,7874,bmw-fragment09-2641,LABEL_NOT_ONE_APT_ONE_INAPT,s1_label=inapt;s2_label=inapt,
1159,7902,7902,bmw-fragment09-2681,LABEL_NOT_ONE_APT_ONE_INAPT,s1_label=inapt;s2_label=inapt,
1161,7955,7955,bmw-fragment09-2759,INSUFFICIENT_SHARED_RIGHT_CONTEXT,observed_orthographic_words=0;required=3,
1168,8060,8060,bpa-fragment14-2037,LABEL_NOT_ONE_APT_ONE_INAPT,s1_label=inapt;s2_label=inapt,
1171,8144,8144,bpa-fragment14-2136,LABEL_NOT_ONE_APT_ONE_INAPT,s1_label=inapt;s2_label=inapt,
1174,8162,8162,bpa-fragment14-2154,LABEL_NOT_ONE_APT_ONE_INAPT,s1_label=inapt;s2_label=inapt,
1176,8220,8220,bpa-fragment14-2254,INSUFFICIENT_SHARED_RIGHT_CONTEXT,observed_orthographic_words=0;required=3,
1177,8233,8233,bpa-fragment14-2268,INSUFFICIENT_SHARED_RIGHT_CONTEXT,observed_orthographic_words=0;required=3,
1181,8237,8237,bpa-fragment14-2278,LABEL_NOT_ONE_APT_ONE_INAPT,s1_label=inapt;s2_label=inapt,
1182,8237,8237,bpa-fragment14-2278,LABEL_NOT_ONE_APT_ONE_INAPT,s1_label=inapt;s2_label=inapt,
1183,8237,8237,bpa-fragment14-2278,LABEL_NOT_ONE_APT_ONE_INAPT,s1_label=inapt;s2_label=inapt,
1184,8296,8296,c8t-fragment01-7,UNRESOLVED_NON_TARGET_CONTEXT_MISMATCH,mismatch=left_context,
1189,8316,8316,c8t-fragment01-13,LABEL_NOT_ONE_APT_ONE_INAPT,s1_label=inapt;s2_label=inapt,
1190,8321,8321,c8t-fragment01-13,INSUFFICIENT_SHARED_RIGHT_CONTEXT,observed_orthographic_words=1;required=3,
1192,8367,8367,c8t-fragment01-46,INSUFFICIENT_SHARED_RIGHT_CONTEXT,observed_orthographic_words=2;required=3,
1195,8368,8368,c8t-fragment01-48,LABEL_NOT_ONE_APT_ONE_INAPT,s1_label=inapt;s2_label=inapt,
1196,8392,8392,c8t-fragment01-74,INSUFFICIENT_SHARED_RIGHT_CONTEXT,observed_orthographic_words=1;required=3,
1201,8423,8423,c8t-fragment01-115,LABEL_NOT_ONE_APT_ONE_INAPT,s1_label=inapt;s2_label=inapt,
1202,8423,8423,c8t-fragment01-115,LABEL_NOT_ONE_APT_ONE_INAPT,s1_label=inapt;s2_label=inapt,
1203,8423,8423,c8t-fragment01-115,LABEL_NOT_ONE_APT_ONE_INAPT,s1_label=inapt;s2_label=inapt,
1204,8423,8423,c8t-fragment01-115,LABEL_NOT_ONE_APT_ONE_INAPT,s1_label=inapt;s2_label=inapt,
1205,8423,8423,c8t-fragment01-115,LABEL_NOT_ONE_APT_ONE_INAPT,s1_label=inapt;s2_label=inapt,
1206,8423,8423,c8t-fragment01-115,LABEL_NOT_ONE_APT_ONE_INAPT,s1_label=inapt;s2_label=inapt,
1210,8497,8497,cb5-fragment02-3246,INSUFFICIENT_SHARED_RIGHT_CONTEXT,observed_orthographic_words=0;required=3,
1211,8497,8497,cb5-fragment02-3246,INSUFFICIENT_SHARED_RIGHT_CONTEXT,observed_orthographic_words=0;required=3,
1212,8497,8497,cb5-fragment02-3246,LABEL_NOT_ONE_APT_ONE_INAPT,s1_label=inapt;s2_label=inapt,
1213,8511,8511,cb5-fragment02-3284,INSUFFICIENT_SHARED_RIGHT_CONTEXT,observed_orthographic_words=0;required=3,
1214,8531,8531,cb5-fragment02-3312,INSUFFICIENT_SHARED_RIGHT_CONTEXT,observed_orthographic_words=0;required=3,
1219,8540,8540,cb5-fragment02-3329,LABEL_NOT_ONE_APT_ONE_INAPT,s1_label=apt;s2_label=apt,
1220,8540,8540,cb5-fragment02-3329,LABEL_NOT_ONE_APT_ONE_INAPT,s1_label=inapt;s2_label=inapt,
1225,8555,8555,cb5-fragment02-3354,LABEL_NOT_ONE_APT_ONE_INAPT,s1_label=inapt;s2_label=inapt,
1226,8555,8555,cb5-fragment02-3354,LABEL_NOT_ONE_APT_ONE_INAPT,s1_label=inapt;s2_label=inapt,
1227,8555,8555,cb5-fragment02-3354,LABEL_NOT_ONE_APT_ONE_INAPT,s1_label=inapt;s2_label=inapt,
1228,8555,8555,cb5-fragment02-3354,LABEL_NOT_ONE_APT_ONE_INAPT,s1_label=inapt;s2_label=inapt,
1229,8555,8555,cb5-fragment02-3354,LABEL_NOT_ONE_APT_ONE_INAPT,s1_label=inapt;s2_label=inapt,
1230,8555,8555,cb5-fragment02-3354,LABEL_NOT_ONE_APT_ONE_INAPT,s1_label=inapt;s2_label=inapt,
1235,8691,8691,ccw-fragment03-1652,INSUFFICIENT_SHARED_RIGHT_CONTEXT,observed_orthographic_words=2;required=3,
1238,8719,8719,ccw-fragment04-1995,LABEL_NOT_ONE_APT_ONE_INAPT,s1_label=inapt;s2_label=inapt,
1241,8747,8747,ccw-fragment04-2036,LABEL_NOT_ONE_APT_ONE_INAPT,s1_label=inapt;s2_label=inapt,
1245,8763,8763,ccw-fragment04-2051,LABEL_NOT_ONE_APT_ONE_INAPT,s1_label=inapt;s2_label=inapt,
1246,8763,8763,ccw-fragment04-2051,LABEL_NOT_ONE_APT_ONE_INAPT,s1_label=inapt;s2_label=inapt,
1247,8763,8763,ccw-fragment04-2051,LABEL_NOT_ONE_APT_ONE_INAPT,s1_label=inapt;s2_label=inapt,
1249,8791,8791,ccw-fragment04-2080,INSUFFICIENT_SHARED_RIGHT_CONTEXT,observed_orthographic_words=0;required=3,
1250,8791,8791,ccw-fragment04-2080,INSUFFICIENT_SHARED_RIGHT_CONTEXT,observed_orthographic_words=0;required=3,
1251,8791,8791,ccw-fragment04-2080,LABEL_NOT_ONE_APT_ONE_INAPT,s1_label=inapt;s2_label=inapt,
1257,8879,8879,cdb-fragment02-387,LABEL_NOT_ONE_APT_ONE_INAPT,s1_label=inapt;s2_label=inapt,
1258,8879,8879,cdb-fragment02-387,LABEL_NOT_ONE_APT_ONE_INAPT,s1_label=inapt;s2_label=inapt,
1259,8879,8879,cdb-fragment02-387,LABEL_NOT_ONE_APT_ONE_INAPT,s1_label=inapt;s2_label=inapt,
1260,8899,8899,cdb-fragment02-399,INSUFFICIENT_SHARED_RIGHT_CONTEXT,observed_orthographic_words=1;required=3,
1263,8913,8913,cdb-fragment02-411,LABEL_NOT_ONE_APT_ONE_INAPT,s1_label=inapt;s2_label=inapt,
1264,8954,8954,cdb-fragment02-452,INSUFFICIENT_SHARED_RIGHT_CONTEXT,observed_orthographic_words=2;required=3,
1268,8968,8968,cdb-fragment02-458,LABEL_NOT_ONE_APT_ONE_INAPT,s1_label=inapt;s2_label=inapt,
1269,8979,8979,cdb-fragment02-470,INSUFFICIENT_SHARED_RIGHT_CONTEXT,observed_orthographic_words=1;required=3,
1272,9024,9024,cdb-fragment02-511,LABEL_NOT_ONE_APT_ONE_INAPT,s1_label=inapt;s2_label=inapt,
1273,9027,9027,cdb-fragment02-517,INSUFFICIENT_SHARED_RIGHT_CONTEXT,observed_orthographic_words=0;required=3,
1277,9072,9072,cdb-fragment04-880,LABEL_NOT_ONE_APT_ONE_INAPT,s1_label=inapt;s2_label=inapt,
1278,9072,9072,cdb-fragment04-880,LABEL_NOT_ONE_APT_ONE_INAPT,s1_label=inapt;s2_label=inapt,
1279,9072,9072,cdb-fragment04-880,LABEL_NOT_ONE_APT_ONE_INAPT,s1_label=inapt;s2_label=inapt,
1282,9120,9120,cdb-fragment04-922,LABEL_NOT_ONE_APT_ONE_INAPT,s1_label=inapt;s2_label=inapt,
1283,9126,9126,cdb-fragment04-926,INSUFFICIENT_SHARED_RIGHT_CONTEXT,observed_orthographic_words=1;required=3,
1288,9172,9172,cdb-fragment04-971,LABEL_NOT_ONE_APT_ONE_INAPT,s1_label=inapt;s2_label=inapt,
1289,9178,9178,cdb-fragment04-974,INSUFFICIENT_SHARED_RIGHT_CONTEXT,observed_orthographic_words=1;required=3,
1292,9211,9211,clp-fragment01-757,LABEL_NOT_ONE_APT_ONE_INAPT,s1_label=inapt;s2_label=inapt,
1293,9213,9213,clp-fragment01-757,INSUFFICIENT_SHARED_RIGHT_CONTEXT,observed_orthographic_words=0;required=3,
1294,9213,9213,clp-fragment01-757,INSUFFICIENT_SHARED_RIGHT_CONTEXT,observed_orthographic_words=0;required=3,
1295,9213,9213,clp-fragment01-757,LABEL_NOT_ONE_APT_ONE_INAPT,s1_label=apt;s2_label=apt,
1299,9231,9231,clp-fragment01-766,LABEL_NOT_ONE_APT_ONE_INAPT,s1_label=inapt;s2_label=inapt,
1300,9231,9231,clp-fragment01-766,LABEL_NOT_ONE_APT_ONE_INAPT,s1_label=inapt;s2_label=inapt,
1301,9231,9231,clp-fragment01-766,LABEL_NOT_ONE_APT_ONE_INAPT,s1_label=inapt;s2_label=inapt,
1304,9249,9249,clp-fragment01-772,LABEL_NOT_ONE_APT_ONE_INAPT,s1_label=apt;s2_label=apt,
1306,9281,9281,clp-fragment01-783,INSUFFICIENT_SHARED_RIGHT_CONTEXT,observed_orthographic_words=2;required=3,
1307,9281,9281,clp-fragment01-783,INSUFFICIENT_SHARED_RIGHT_CONTEXT,observed_orthographic_words=2;required=3,
1308,9281,9281,clp-fragment01-783,INSUFFICIENT_SHARED_RIGHT_CONTEXT,observed_orthographic_words=2;required=3,
1309,9281,9281,clp-fragment01-783,INSUFFICIENT_SHARED_RIGHT_CONTEXT,observed_orthographic_words=2;required=3,
1310,9281,9281,clp-fragment01-783,LABEL_NOT_ONE_APT_ONE_INAPT,s1_label=inapt;s2_label=inapt,
1311,9281,9281,clp-fragment01-783,LABEL_NOT_ONE_APT_ONE_INAPT,s1_label=inapt;s2_label=inapt,
1312,9281,9281,clp-fragment01-783,LABEL_NOT_ONE_APT_ONE_INAPT,s1_label=inapt;s2_label=inapt,
1313,9281,9281,clp-fragment01-783,LABEL_NOT_ONE_APT_ONE_INAPT,s1_label=inapt;s2_label=inapt,
1314,9281,9281,clp-fragment01-783,LABEL_NOT_ONE_APT_ONE_INAPT,s1_label=inapt;s2_label=inapt,
1315,9281,9281,clp-fragment01-783,LABEL_NOT_ONE_APT_ONE_INAPT,s1_label=inapt;s2_label=inapt,
1319,9306,9306,clp-fragment01-790,LABEL_NOT_ONE_APT_ONE_INAPT,s1_label=inapt;s2_label=inapt,
1320,9306,9306,clp-fragment01-790,LABEL_NOT_ONE_APT_ONE_INAPT,s1_label=inapt;s2_label=inapt,
1321,9306,9306,clp-fragment01-790,LABEL_NOT_ONE_APT_ONE_INAPT,s1_label=inapt;s2_label=inapt,
1322,9308,9308,clp-fragment01-790,INSUFFICIENT_SHARED_RIGHT_CONTEXT,observed_orthographic_words=0;required=3,
1325,9312,9312,clp-fragment01-792,LABEL_NOT_ONE_APT_ONE_INAPT,s1_label=inapt;s2_label=inapt,
1328,9329,9329,clp-fragment01-800,INSUFFICIENT_SHARED_RIGHT_CONTEXT,observed_orthographic_words=2;required=3,
1329,9329,9329,clp-fragment01-800,INSUFFICIENT_SHARED_RIGHT_CONTEXT,observed_orthographic_words=2;required=3,
1330,9329,9329,clp-fragment01-800,LABEL_NOT_ONE_APT_ONE_INAPT,s1_label=inapt;s2_label=inapt,
1333,9364,9364,clp-fragment01-812,LABEL_NOT_ONE_APT_ONE_INAPT,s1_label=apt;s2_label=apt,
1335,9379,9379,clp-fragment01-819,INSUFFICIENT_SHARED_RIGHT_CONTEXT,observed_orthographic_words=2;required=3,
1336,9379,9379,clp-fragment01-819,INSUFFICIENT_SHARED_RIGHT_CONTEXT,observed_orthographic_words=2;required=3,
1337,9379,9379,clp-fragment01-819,LABEL_NOT_ONE_APT_ONE_INAPT,s1_label=apt;s2_label=apt,
1343,9409,9409,clp-fragment01-838,LABEL_NOT_ONE_APT_ONE_INAPT,s1_label=inapt;s2_label=inapt,
1345,9430,9430,clp-fragment01-846,INSUFFICIENT_SHARED_RIGHT_CONTEXT,observed_orthographic_words=0;required=3,
1346,9430,9430,clp-fragment01-846,INSUFFICIENT_SHARED_RIGHT_CONTEXT,observed_orthographic_words=0;required=3,
1347,9430,9430,clp-fragment01-846,LABEL_NOT_ONE_APT_ONE_INAPT,s1_label=inapt;s2_label=inapt,
1350,9441,9441,clp-fragment01-852,LABEL_NOT_ONE_APT_ONE_INAPT,s1_label=inapt;s2_label=inapt,
1358,9467,9467,clp-fragment01-863,LABEL_NOT_ONE_APT_ONE_INAPT,s1_label=apt;s2_label=apt,
1359,9467,9467,clp-fragment01-863,LABEL_NOT_ONE_APT_ONE_INAPT,s1_label=inapt;s2_label=inapt,
1360,9467,9467,clp-fragment01-863,LABEL_NOT_ONE_APT_ONE_INAPT,s1_label=inapt;s2_label=inapt,
1361,9467,9467,clp-fragment01-863,LABEL_NOT_ONE_APT_ONE_INAPT,s1_label=inapt;s2_label=inapt,
1362,9476,9476,clp-fragment01-869,INSUFFICIENT_SHARED_RIGHT_CONTEXT,observed_orthographic_words=1;required=3,
1363,9476,9476,clp-fragment01-869,INSUFFICIENT_SHARED_RIGHT_CONTEXT,observed_orthographic_words=1;required=3,
1364,9476,9476,clp-fragment01-869,INSUFFICIENT_SHARED_RIGHT_CONTEXT,observed_orthographic_words=1;required=3,
1365,9476,9476,clp-fragment01-869,LABEL_NOT_ONE_APT_ONE_INAPT,s1_label=inapt;s2_label=inapt,
1366,9476,9476,clp-fragment01-869,LABEL_NOT_ONE_APT_ONE_INAPT,s1_label=inapt;s2_label=inapt,
1367,9476,9476,clp-fragment01-869,LABEL_NOT_ONE_APT_ONE_INAPT,s1_label=inapt;s2_label=inapt,
1372,9478,9478,clp-fragment01-870,LABEL_NOT_ONE_APT_ONE_INAPT,s1_label=inapt;s2_label=inapt,
1373,9478,9478,clp-fragment01-870,LABEL_NOT_ONE_APT_ONE_INAPT,s1_label=inapt;s2_label=inapt,
1374,9478,9478,clp-fragment01-870,LABEL_NOT_ONE_APT_ONE_INAPT,s1_label=inapt;s2_label=inapt,
1377,9552,9552,clw-fragment01-6,INSUFFICIENT_SHARED_RIGHT_CONTEXT,observed_orthographic_words=0;required=3,
1378,9552,9552,clw-fragment01-6,INSUFFICIENT_SHARED_RIGHT_CONTEXT,observed_orthographic_words=0;required=3,
1379,9552,9552,clw-fragment01-6,LABEL_NOT_ONE_APT_ONE_INAPT,s1_label=inapt;s2_label=inapt,
1381,9577,9577,clw-fragment01-14,INSUFFICIENT_SHARED_RIGHT_CONTEXT,observed_orthographic_words=0;required=3,
1384,9585,9585,clw-fragment01-21,LABEL_NOT_ONE_APT_ONE_INAPT,s1_label=apt;s2_label=apt,
1387,9597,9597,clw-fragment01-25,LABEL_NOT_ONE_APT_ONE_INAPT,s1_label=apt;s2_label=apt,
1396,9705,9705,clw-fragment01-65,LABEL_NOT_ONE_APT_ONE_INAPT,s1_label=apt;s2_label=apt,
1397,9705,9705,clw-fragment01-65,LABEL_NOT_ONE_APT_ONE_INAPT,s1_label=inapt;s2_label=inapt,
1398,9719,9719,clw-fragment01-69,INSUFFICIENT_SHARED_RIGHT_CONTEXT,observed_orthographic_words=2;required=3,
1401,9727,9727,clw-fragment01-72,LABEL_NOT_ONE_APT_ONE_INAPT,s1_label=apt;s2_label=apt,
1406,9791,9791,clw-fragment01-93,LABEL_NOT_ONE_APT_ONE_INAPT,s1_label=inapt;s2_label=inapt,
1411,9845,9845,clw-fragment01-116,LABEL_NOT_ONE_APT_ONE_INAPT,s1_label=inapt;s2_label=inapt,
1415,9857,9857,clw-fragment01-119,LABEL_NOT_ONE_APT_ONE_INAPT,s1_label=inapt;s2_label=inapt,
1416,9864,9864,clw-fragment01-121,INSUFFICIENT_SHARED_RIGHT_CONTEXT,observed_orthographic_words=0;required=3,
1419,9869,9869,clw-fragment01-123,LABEL_NOT_ONE_APT_ONE_INAPT,s1_label=inapt;s2_label=inapt,
1422,9909,9909,clw-fragment01-138,UNRESOLVED_NON_TARGET_CONTEXT_MISMATCH,mismatch=left_context,
1423,9909,9909,clw-fragment01-138,UNRESOLVED_NON_TARGET_CONTEXT_MISMATCH,mismatch=left_context,
1424,9909,9909,clw-fragment01-138,LABEL_NOT_ONE_APT_ONE_INAPT,s1_label=inapt;s2_label=inapt,
1427,9921,9921,clw-fragment01-141,LABEL_NOT_ONE_APT_ONE_INAPT,s1_label=inapt;s2_label=inapt,
1430,9926,9926,clw-fragment01-141,LABEL_NOT_ONE_APT_ONE_INAPT,s1_label=inapt;s2_label=inapt,
1434,9953,9953,clw-fragment01-150,LABEL_NOT_ONE_APT_ONE_INAPT,s1_label=apt;s2_label=apt,
1435,9971,9971,clw-fragment01-156,INSUFFICIENT_SHARED_RIGHT_CONTEXT,observed_orthographic_words=2;required=3,
1438,9997,9997,clw-fragment01-161,LABEL_NOT_ONE_APT_ONE_INAPT,s1_label=inapt;s2_label=inapt,
1439,10016,10016,crs-fragment01-6,UNRESOLVED_NON_TARGET_CONTEXT_MISMATCH,mismatch=left_context,
1443,10034,10034,crs-fragment01-10,LABEL_NOT_ONE_APT_ONE_INAPT,s1_label=inapt;s2_label=inapt,
1447,10118,10118,crs-fragment01-71,LABEL_NOT_ONE_APT_ONE_INAPT,s1_label=inapt;s2_label=inapt,
1450,10138,10138,crs-fragment01-85,LABEL_NOT_ONE_APT_ONE_INAPT,s1_label=inapt;s2_label=inapt,
1452,10181,10181,cty-fragment03-462,INSUFFICIENT_SHARED_RIGHT_CONTEXT,observed_orthographic_words=1;required=3,
1463,10310,10310,cty-fragment03-493,INSUFFICIENT_SHARED_RIGHT_CONTEXT,observed_orthographic_words=2;required=3,
1467,10318,10318,cty-fragment03-495,LABEL_NOT_ONE_APT_ONE_INAPT,s1_label=apt;s2_label=apt,
1468,10321,10321,cty-fragment03-495,INSUFFICIENT_SHARED_RIGHT_CONTEXT,observed_orthographic_words=2;required=3,
1469,10321,10321,cty-fragment03-495,INSUFFICIENT_SHARED_RIGHT_CONTEXT,observed_orthographic_words=2;required=3,
1470,10321,10321,cty-fragment03-495,LABEL_NOT_ONE_APT_ONE_INAPT,s1_label=inapt;s2_label=inapt,
1475,10368,10368,cty-fragment03-514,LABEL_NOT_ONE_APT_ONE_INAPT,s1_label=inapt;s2_label=inapt,
1479,10376,10376,cty-fragment03-517,LABEL_NOT_ONE_APT_ONE_INAPT,s1_label=apt;s2_label=apt,
1483,10379,10379,cty-fragment03-518,LABEL_NOT_ONE_APT_ONE_INAPT,s1_label=inapt;s2_label=inapt,
1487,10403,10403,cty-fragment03-523,LABEL_NOT_ONE_APT_ONE_INAPT,s1_label=apt;s2_label=apt,
1490,10486,10486,cty-fragment03-541,INSUFFICIENT_SHARED_RIGHT_CONTEXT,observed_orthographic_words=2;required=3,
1493,10490,10490,cty-fragment03-542,LABEL_NOT_ONE_APT_ONE_INAPT,s1_label=inapt;s2_label=inapt,
